Workbook
Name CensoCaminho: Filtro_Municipio!$B$5
Name Município: Filtro_Municipio!$B$3
Name SegmentaçãodeDados_DEPENDENCIA: #N/A
Name SegmentaçãodeDados_LOCALIZACAO: #N/A
Name UF: Filtro_Municipio!$B$2

Sheet Dashboard
A1: ="Painel do Censo Escolar 2024 — "&Filtro_Municipio!B3&" ("&Filtro_Municipio!B2&")" -> Painel do Censo Escolar 2024 — Rio Claro (SP)
A2: Totais do recorte carregado. Após trocar UF/Município, use Dados > Atualizar Tudo para atualizar a base.
A4: Escolas no recorte | C4: Escolas ativas | E4: Matrículas básicas | G4: Escolas públicas
A5: =COUNT(DadosTratados!$H:$H) -> 143 | C5: =COUNTIF(DadosTratados!$BK:$BK,"Ativa") -> 122 | E5: =SUM(DadosTratados!$AM:$AM) -> 43081 | G5: =COUNTIF(DadosTratados!$I:$I,1)+COUNTIF(DadosTratados!$I:$I,2)+COUNTIF(DadosTratados!$I:$I,3) -> 101

Sheet Tabelas_Dinâmicas
A1: TABELA DINÂMICA - DEPENDÊNCIA | F1: TABELA DINÂMICA - PORTE
A2: Rótulos de Linha | B2: Contagem de CO_ENTIDADE | F2: Rótulos de Linha | G2: Contagem de CO_ENTIDADE
A3: Estadual | B3: 34 | F3: Grande | G3: 23
A4: Municipal | B4: 67 | F4: Média | G4: 38
A5: Privada | B5: 42 | F5: Microescola | G5: 14
A6: Total Geral | B6: 143 | F6: Muito Grande | G6: 7
F7: Não informado | G7: 21
F8: Pequena | G8: 40
F9: Total Geral | G9: 143
A15: TABELA DINÂMICA - ESGOTO | F15: TABELA DINÂMICA - LIXO
A16: Rótulos de Linha | B16: Contagem de CO_ENTIDADE | F16: Rótulos de Linha | G16: Contagem de CO_ENTIDADE
A17: Fossa séptica | B17: 2 | F17: Descarte em outra área | G17: 1
A18: Não informado | B18: 21 | F18: Não informado | G18: 21
A19: Rede pública | B19: 120 | F19: Serviço de coleta | G19: 121
A20: Total Geral | B20: 143 | F20: Total Geral | G20: 143
A28: TABELA DINÂMICA - RAÇA/COR | F28: TABELA DINÂMICA - ETAPA DE ENSINO
A29: Valores | F29: Valores
A30: Não declarada | B30: 4027 | F30: Educação Infântil | G30: 9411
A31: Branca | B31: 28582 | F31: Fundamental | G31: 22664
A32: Preta | B32: 1287 | F32: Ensino Médio | G32: 8998
A33: Parda | B33: 9060 | F33: Profissional | G33: 2161
A34: Amarela | B34: 99 | F34: Eja | G34: 712
A35: Indígena | B35: 26 | F35: Eduação Especial | G35: 1483
A43: TABELA DINÂMICA - ÁGUA | F43: TABELA DINÂMICA - ENERGIA
A44: Rótulos de Linha | B44: Contagem de CO_ENTIDADE | F44: Rótulos de Linha | G44: Contagem de CO_ENTIDADE
A45: Não informado | B45: 21 | F45: Não informado | G45: 21
A46: Rede pública | B46: 122 | F46: Rede pública | G46: 122
A47: Total Geral | B47: 143 | F47: Total Geral | G47: 143
A55: TABELA DINÂMICA - SEXO
A56: Valores
A57: Feminino | B57: 21172
A58: Masculino | B58: 21909

Sheet Filtro_Municipio
A1: Filtro para consultas Power Query
A2: UF | B2: SP
A3: Município | B3: Rio Claro
A5: Caminho do arquivo Censo: | B5: C:\Users\Rafael\Downloads\Censo_2024_Excel (1) (1)\Censo_2024_Excel.xlsx
A7: Tabela que será lida pelo Power Query
A8: SG_UF | B8: NO_MUNICIPIO
A9: =B2 -> SP | B9: =$B$3 -> Rio Claro

Sheet DadosTratados
A1: NO_REGIAO | B1: NO_UF | C1: SG_UF | D1: CO_UF | E1: NO_MUNICIPIO | F1: CO_MUNICIPIO | G1: NO_ENTIDADE | H1: CO_ENTIDADE | I1: TP_DEPENDENCIA | J1: TP_LOCALIZACAO | K1: TP_LOCALIZACAO_DIFERENCIADA | L1: DS_ENDERECO | M1: NU_ENDERECO | N1: DS_COMPLEMENTO | O1: NO_BAIRRO | P1: CO_CEP | Q1: TP_SITUACAO_FUNCIONAMENTO | R1: IN_AGUA_POTAVEL | S1: IN_AGUA_REDE_PUBLICA | T1: IN_AGUA_POCO_ARTESIANO | U1: IN_AGUA_CACIMBA | V1: IN_AGUA_FONTE_RIO | W1: IN_AGUA_INEXISTENTE | X1: IN_AGUA_CARRO_PIPA | Y1: IN_ENERGIA_REDE_PUBLICA | Z1: IN_ENERGIA_GERADOR_FOSSIL | AA1: IN_ENERGIA_RENOVAVEL | AB1: IN_ENERGIA_INEXISTENTE | AC1: IN_ESGOTO_REDE_PUBLICA | AD1: IN_ESGOTO_FOSSA_SEPTICA | AE1: IN_ESGOTO_FOSSA_COMUM | AF1: IN_ESGOTO_FOSSA | AG1: IN_ESGOTO_INEXISTENTE | AH1: IN_LIXO_SERVICO_COLETA | AI1: IN_LIXO_QUEIMA | AJ1: IN_LIXO_ENTERRA | AK1: IN_LIXO_DESTINO_FINAL_PUBLICO | AL1: IN_LIXO_DESCARTA_OUTRA_AREA | AM1: QT_MAT_BAS | AN1: QT_MAT_INF | AO1: QT_MAT_FUND | AP1: QT_MAT_MED | AQ1: QT_MAT_PROF | AR1: QT_MAT_EJA | AS1: QT_MAT_ESP | AT1: QT_MAT_BAS_FEM | AU1: QT_MAT_BAS_MASC | AV1: QT_MAT_BAS_ND | AW1: QT_MAT_BAS_BRANCA | AX1: QT_MAT_BAS_PRETA | AY1: QT_MAT_BAS_PARDA | AZ1: QT_MAT_BAS_AMARELA | BA1: QT_MAT_BAS_INDIGENA | BB1: QT_MAT_BAS_0_3 | BC1: QT_MAT_BAS_4_5 | BD1: QT_MAT_BAS_6_10 | BE1: QT_MAT_BAS_11_14 | BF1: QT_MAT_BAS_15_17 | BG1: QT_MAT_BAS_18_MAIS | BH1: DEPENDENCIA | BI1: LOCALIZACAO | BJ1: LOC_DIFERENCIADA | BK1: SITUACAO | BL1: TAMANHO_ESCOLA | BM1: AGUA | BN1: ENERGIA | BO1: ESGOTO | BP1: LIXO
A2: Sudeste | B2: São Paulo | C2: SP | D2: 35 | E2: Rio Claro | F2: 3543907 | G2: COLEGIO DOM BOSCO RIO CLARO | H2: 35004193 | I2: 4 | J2: 1 | K2: 0 | L2: 9 | M2: 1742 | O2: CENTRO | P2: 13500220 | Q2: 1 | R2: 1 | S2: 1 | T2: 0 | U2: 0 | V2: 0 | W2: 0 | X2: 0 | Y2: 1 | Z2: 0 | AA2: 0 | AB2: 0 | AC2: 1 | AD2: 0 | AE2: 0 | AF2: 0 | AG2: 0 | AH2: 1 | AI2: 0 | AJ2: 0 | AK2: 0 | AL2: 0 | AM2: 750 | AN2: 106 | AO2: 527 | AP2: 117 | AQ2: 0 | AR2: 0 | AS2: 17 | AT2: 382 | AU2: 368 | AV2: 42 | AW2: 678 | AX2: 8 | AY2: 22 | AZ2: 0 | BA2: 0 | BB2: 38 | BC2: 59 | BD2: 260 | BE2: 268 | BF2: 123 | BG2: 2 | BH2: Privada | BI2: Urbana | BJ2: Não | BK2: Ativa | BL2: Grande | BM2: Rede pública | BN2: Rede pública | BO2: Rede pública | BP2: Serviço de coleta
A3: Sudeste | B3: São Paulo | C3: SP | D3: 35 | E3: Rio Claro | F3: 3543907 | G3: ESCOLA DA BISA EDUCACAO INFANTIL E FUNDAMENTAL | H3: 35004940 | I3: 4 | J3: 1 | K3: 0 | L3: 12 | M3: 1931 | O3: CENTRO | P3: 13500250 | Q3: 1 | R3: 1 | S3: 1 | T3: 0 | U3: 0 | V3: 0 | W3: 0 | X3: 0 | Y3: 1 | Z3: 0 | AA3: 0 | AB3: 0 | AC3: 1 | AD3: 0 | AE3: 0 | AF3: 0 | AG3: 0 | AH3: 1 | AI3: 0 | AJ3: 0 | AK3: 0 | AL3: 0 | AM3: 186 | AN3: 54 | AO3: 132 | AP3: 0 | AQ3: 0 | AR3: 0 | AS3: 3 | AT3: 80 | AU3: 106 | AV3: 30 | AW3: 141 | AX3: 1 | AY3: 12 | AZ3: 2 | BA3: 0 | BB3: 0 | BC3: 52 | BD3: 133 | BE3: 1 | BF3: 0 | BG3: 0 | BH3: Privada | BI3: Urbana | BJ3: Não | BK3: Ativa | BL3: Pequena | BM3: Rede pública | BN3: Rede pública | BO3: Rede pública | BP3: Serviço de coleta
A4: Sudeste | B4: São Paulo | C4: SP | D4: 35 | E4: Rio Claro | F4: 3543907 | G4: CENTRO DE CONVIVENCIA INFANTIL UNESPINHA | H4: 35005166 | I4: 2 | J4: 1 | K4: 0 | L4: 16 B | M4: 1347 | O4: VILA BELA VISTA | P4: 13506752 | Q4: 1 | R4: 1 | S4: 1 | T4: 0 | U4: 0 | V4: 0 | W4: 0 | X4: 0 | Y4: 1 | Z4: 0 | AA4: 0 | AB4: 0 | AC4: 0 | AD4: 1 | AE4: 0 | AF4: 1 | AG4: 0 | AH4: 1 | AI4: 0 | AJ4: 0 | AK4: 0 | AL4: 0 | AM4: 18 | AN4: 18 | AO4: 0 | AP4: 0 | AQ4: 0 | AR4: 0 | AS4: 0 | AT4: 7 | AU4: 11 | AV4: 0 | AW4: 18 | AX4: 0 | AY4: 0 | AZ4: 0 | BA4: 0 | BB4: 18 | BC4: 0 | BD4: 0 | BE4: 0 | BF4: 0 | BG4: 0 | BH4: Estadual | BI4: Urbana | BJ4: Não | BK4: Ativa | BL4: Microescola | BM4: Rede pública | BN4: Rede pública | BO4: Fossa séptica | BP4: Serviço de coleta
A5: Sudeste | B5: São Paulo | C5: SP | D5: 35 | E5: Rio Claro | F5: 3543907 | G5: ESCOLA MUNICIPAL PROFESSORA MARILDA DOS SANTOS SOUZA | H5: 35005006 | I5: 3 | J5: 1 | K5: 0 | L5: AVENIDA 01 SM | M5: 41 | O5: JARDIM RESIDENCIAL SAN MARINO | P5: 13503719 | Q5: 1 | R5: 1 | S5: 1 | T5: 0 | U5: 0 | V5: 0 | W5: 0 | X5: 0 | Y5: 1 | Z5: 0 | AA5: 0 | AB5: 0 | AC5: 1 | AD5: 0 | AE5: 0 | AF5: 0 | AG5: 0 | AH5: 1 | AI5: 0 | AJ5: 0 | AK5: 0 | AL5: 0 | AM5: 151 | AN5: 151 | AO5: 0 | AP5: 0 | AQ5: 0 | AR5: 0 | AS5: 6 | AT5: 82 | AU5: 69 | AV5: 4 | AW5: 106 | AX5: 10 | AY5: 31 | AZ5: 0 | BA5: 0 | BB5: 103 | BC5: 44 | BD5: 4 | BE5: 0 | BF5: 0 | BG5: 0 | BH5: Municipal | BI5: Urbana | BJ5: Não | BK5: Ativa | BL5: Pequena | BM5: Rede pública | BN5: Rede pública | BO5: Rede pública | BP5: Serviço de coleta
A6: Sudeste | B6: São Paulo | C6: SP | D6: 35 | E6: Rio Claro | F6: 3543907 | G6: ESCOLA MUNICIPAL PROFESSORA RUTINEIA PAULINO DE SOUZA FERREIRA DA SILVA | H6: 35005440 | I6: 3 | J6: 1 | K6: 0 | L6: 1 JN | M6: 1056 | O6: JARDIM NOVO 1 | P6: 13502740 | Q6: 1 | R6: 1 | S6: 1 | T6: 0 | U6: 0 | V6: 0 | W6: 0 | X6: 0 | Y6: 1 | Z6: 0 | AA6: 0 | AB6: 0 | AC6: 1 | AD6: 0 | AE6: 0 | AF6: 0 | AG6: 0 | AH6: 1 | AI6: 0 | AJ6: 0 | AK6: 0 | AL6: 0 | AM6: 124 | AN6: 124 | AO6: 0 | AP6: 0 | AQ6: 0 | AR6: 0 | AS6: 3 | AT6: 57 | AU6: 67 | AV6: 6 | AW6: 64 | AX6: 8 | AY6: 46 | AZ6: 0 | BA6: 0 | BB6: 118 | BC6: 6 | BD6: 0 | BE6: 0 | BF6: 0 | BG6: 0 | BH6: Municipal | BI6: Urbana | BJ6: Não | BK6: Ativa | BL6: Pequena | BM6: Rede pública | BN6: Rede pública | BO6: Rede pública | BP6: Serviço de coleta
A7: Sudeste | B7: São Paulo | C7: SP | D7: 35 | E7: Rio Claro | F7: 3543907 | G7: ESCOLA MUNICIPAL PROFESSOR OCTAVIO JOSE CHIOSSI | H7: 35005971 | I7: 3 | J7: 1 | K7: 0 | L7: 5 JN | M7: 1129 | O7: JARDIM NOVO | P7: 13502760 | Q7: 1 | R7: 1 | S7: 1 | T7: 0 | U7: 0 | V7: 0 | W7: 0 | X7: 0 | Y7: 1 | Z7: 0 | AA7: 0 | AB7: 0 | AC7: 1 | AD7: 0 | AE7: 0 | AF7: 0 | AG7: 0 | AH7: 1 | AI7: 0 | AJ7: 0 | AK7: 0 | AL7: 0 | AM7: 411 | AN7: 0 | AO7: 396 | AP7: 0 | AQ7: 0 | AR7: 15 | AS7: 13 | AT7: 204 | AU7: 207 | AV7: 43 | AW7: 214 | AX7: 9 | AY7: 145 | AZ7: 0 | BA7: 0 | BB7: 0 | BC7: 0 | BD7: 379 | BE7: 17 | BF7: 0 | BG7: 15 | BH7: Municipal | BI7: Urbana | BJ7: Não | BK7: Ativa | BL7: Média | BM7: Rede pública | BN7: Rede pública | BO7: Rede pública | BP7: Serviço de coleta
A8: Sudeste | B8: São Paulo | C8: SP | D8: 35 | E8: Rio Claro | F8: 3543907 | G8: ESCOLA MUNICIPAL PROFESSORA GISELE BRIZOTTI FERRAZ FERREIRA | H8: 35006329 | I8: 3 | J8: 1 | K8: 0 | L8: AVENIDA BRASIL | M8: 1233 | O8: JARDIM FLORIDIANA | P8: 13505018 | Q8: 1 | R8: 1 | S8: 1 | T8: 0 | U8: 0 | V8: 0 | W8: 0 | X8: 0 | Y8: 1 | Z8: 0 | AA8: 0 | AB8: 0 | AC8: 1 | AD8: 0 | AE8: 0 | AF8: 0 | AG8: 0 | AH8: 1 | AI8: 0 | AJ8: 0 | AK8: 0 | AL8: 0 | AM8: 73 | AN8: 73 | AO8: 0 | AP8: 0 | AQ8: 0 | AR8: 0 | AS8: 2 | AT8: 34 | AU8: 39 | AV8: 27 | AW8: 38 | AX8: 3 | AY8: 5 | AZ8: 0 | BA8: 0 | BB8: 73 | BC8: 0 | BD8: 0 | BE8: 0 | BF8: 0 | BG8: 0 | BH8: Municipal | BI8: Urbana | BJ8: Não | BK8: Ativa | BL8: Pequena | BM8: Rede pública | BN8: Rede pública | BO8: Rede pública | BP8: Serviço de coleta
A9: Sudeste | B9: São Paulo | C9: SP | D9: 35 | E9: Rio Claro | F9: 3543907 | G9: COLEGIO DAGAMA | H9: 35007056 | I9: 4 | J9: 1 | K9: 0 | L9: 22 BE | M9: 669 | O9: ESTADIO | P9: 13501388 | Q9: 1 | R9: 1 | S9: 1 | T9: 0 | U9: 0 | V9: 0 | W9: 0 | X9: 0 | Y9: 1 | Z9: 0 | AA9: 0 | AB9: 0 | AC9: 1 | AD9: 0 | AE9: 0 | AF9: 0 | AG9: 0 | AH9: 1 | AI9: 0 | AJ9: 0 | AK9: 0 | AL9: 0 | AM9: 321 | AN9: 55 | AO9: 266 | AP9: 0 | AQ9: 0 | AR9: 0 | AS9: 5 | AT9: 146 | AU9: 175 | AV9: 14 | AW9: 281 | AX9: 8 | AY9: 18 | AZ9: 0 | BA9: 0 | BB9: 8 | BC9: 37 | BD9: 162 | BE9: 111 | BF9: 3 | BG9: 0 | BH9: Privada | BI9: Urbana | BJ9: Não | BK9: Ativa | BL9: Média | BM9: Rede pública | BN9: Rede pública | BO9: Rede pública | BP9: Serviço de coleta
A10: Sudeste | B10: São Paulo | C10: SP | D10: 35 | E10: Rio Claro | F10: 3543907 | G10: ESCOLA MUNICIPAL DR DJALMA OUTEIRO PINTO | H10: 35007338 | I10: 3 | J10: 1 | K10: 0 | L10: 8 | M10: 3609 | O10: ALTO DO SANTANA | P10: 13504188 | Q10: 1 | R10: 1 | S10: 1 | T10: 0 | U10: 0 | V10: 0 | W10: 0 | X10: 0 | Y10: 1 | Z10: 0 | AA10: 0 | AB10: 0 | AC10: 1 | AD10: 0 | AE10: 0 | AF10: 0 | AG10: 0 | AH10: 1 | AI10: 0 | AJ10: 0 | AK10: 0 | AL10: 0 | AM10: 44 | AN10: 44 | AO10: 0 | AP10: 0 | AQ10: 0 | AR10: 0 | AS10: 0 | AT10: 27 | AU10: 17 | AV10: 6 | AW10: 32 | AX10: 1 | AY10: 5 | AZ10: 0 | BA10: 0 | BB10: 44 | BC10: 0 | BD10: 0 | BE10: 0 | BF10: 0 | BG10: 0 | BH10: Municipal | BI10: Urbana | BJ10: Não | BK10: Ativa | BL10: Microescola | BM10: Rede pública | BN10: Rede pública | BO10: Rede pública | BP10: Serviço de coleta
A11: Sudeste | B11: São Paulo | C11: SP | D11: 35 | E11: Rio Claro | F11: 3543907 | G11: ESCOLA MUNICIPAL PROFESSORA LUCIA HELENA FERREIRA CAMARGO | H11: 35007339 | I11: 3 | J11: 1 | K11: 0 | L11: 5 | M11: 360 | O11: JARDIM ARAUCARIA | P11: 13504824 | Q11: 1 | R11: 1 | S11: 1 | T11: 0 | U11: 0 | V11: 0 | W11: 0 | X11: 0 | Y11: 1 | Z11: 0 | AA11: 0 | AB11: 0 | AC11: 1 | AD11: 0 | AE11: 0 | AF11: 0 | AG11: 0 | AH11: 1 | AI11: 0 | AJ11: 0 | AK11: 0 | AL11: 0 | AM11: 116 | AN11: 116 | AO11: 0 | AP11: 0 | AQ11: 0 | AR11: 0 | AS11: 2 | AT11: 70 | AU11: 46 | AV11: 3 | AW11: 69 | AX11: 4 | AY11: 40 | AZ11: 0 | BA11: 0 | BB11: 113 | BC11: 3 | BD11: 0 | BE11: 0 | BF11: 0 | BG11: 0 | BH11: Municipal | BI11: Urbana | BJ11: Não | BK11: Ativa | BL11: Pequena | BM11: Rede pública | BN11: Rede pública | BO11: Rede pública | BP11: Serviço de coleta
A12: Sudeste | B12: São Paulo | C12: SP | D12: 35 | E12: Rio Claro | F12: 3543907 | G12: ESCOLA MUNICIPAL THEODORO PAULO KOELLE | H12: 35007528 | I12: 3 | J12: 1 | K12: 0 | L12: 17 JN | M12: 1433 | O12: JARDIM NOVO II | P12: 13502714 | Q12: 1 | R12: 1 | S12: 1 | T12: 0 | U12: 0 | V12: 0 | W12: 0 | X12: 0 | Y12: 1 | Z12: 0 | AA12: 0 | AB12: 0 | AC12: 1 | AD12: 0 | AE12: 0 | AF12: 0 | AG12: 0 | AH12: 1 | AI12: 0 | AJ12: 0 | AK12: 0 | AL12: 0 | AM12: 217 | AN12: 0 | AO12: 217 | AP12: 0 | AQ12: 0 | AR12: 0 | AS12: 10 | AT12: 109 | AU12: 108 | AV12: 21 | AW12: 117 | AX12: 3 | AY12: 75 | AZ12: 0 | BA12: 1 | BB12: 0 | BC12: 0 | BD12: 208 | BE12: 9 | BF12: 0 | BG12: 0 | BH12: Municipal | BI12: Urbana | BJ12: Não | BK12: Ativa | BL12: Média | BM12: Rede pública | BN12: Rede pública | BO12: Rede pública | BP12: Serviço de coleta
A13: Sudeste | B13: São Paulo | C13: SP | D13: 35 | E13: Rio Claro | F13: 3543907 | G13: ESCOLA MUNICIPAL PROFESSOR GUNAR WILHELM KOELLE | H13: 35007533 | I13: 3 | J13: 1 | K13: 0 | L13: 18 JN | M13: 409 | O13: JARDIM NOVO | P13: 13502762 | Q13: 1 | R13: 1 | S13: 1 | T13: 0 | U13: 0 | V13: 0 | W13: 0 | X13: 0 | Y13: 1 | Z13: 0 | AA13: 0 | AB13: 0 | AC13: 1 | AD13: 0 | AE13: 0 | AF13: 0 | AG13: 0 | AH13: 1 | AI13: 0 | AJ13: 0 | AK13: 0 | AL13: 0 | AM13: 305 | AN13: 305 | AO13: 0 | AP13: 0 | AQ13: 0 | AR13: 0 | AS13: 7 | AT13: 152 | AU13: 153 | AV13: 20 | AW13: 171 | AX13: 24 | AY13: 90 | AZ13: 0 | BA13: 0 | BB13: 131 | BC13: 155 | BD13: 19 | BE13: 0 | BF13: 0 | BG13: 0 | BH13: Municipal | BI13: Urbana | BJ13: Não | BK13: Ativa | BL13: Média | BM13: Rede pública | BN13: Rede pública | BO13: Rede pública | BP13: Serviço de coleta
... A18: Sudeste | B18: São Paulo | C18: SP | D18: 35 | E18: Rio Claro | F18: 3543907 | G18: TRIGONO EDUCACAO INFANTIL | H18: 35009311 | I18: 4 | J18: 1 | K18: 0 | L18: 40 | M18: 522 | O18: VILA OPERARIA | P18: 13504140 | Q18: 1 | R18: 1 | S18: 1 | T18: 0 | U18: 0 | V18: 0 | W18: 0 | X18: 0 | Y18: 1 | Z18: 0 | AA18: 0 | AB18: 0 | AC18: 1 | AD18: 0 | AE18: 0 | AF18: 0 | AG18: 0 | AH18: 1 | AI18: 0 | AJ18: 0 | AK18: 0 | AL18: 0 | AM18: 65 | AN18: 65 | AO18: 0 | AP18: 0 | AQ18: 0 | AR18: 0 | AS18: 0 | AT18: 34 | AU18: 31 | AV18: 22 | AW18: 42 | AX18: 0 | AY18: 1 | AZ18: 0 | BA18: 0 | BB18: 33 | BC18: 31 | BD18: 1 | BE18: 0 | BF18: 0 | BG18: 0 | BH18: Privada | BI18: Urbana | BJ18: Não | BK18: Ativa | BL18: Pequena | BM18: Rede pública | BN18: Rede pública | BO18: Rede pública | BP18: Serviço de coleta
A19: Sudeste | B19: São Paulo | C19: SP | D19: 35 | E19: Rio Claro | F19: 3543907 | G19: COLEGIO TRIGONO COMPLEXO EDUCACIONAL | H19: 35009638 | I19: 4 | J19: 1 | K19: 0 | L19: 5 A | M19: 236 | N19: AVENIDA 5A | O19: CIDADE NOVA | P19: 13506795 | Q19: 1 | R19: 1 | S19: 1 | T19: 0 | U19: 0 | V19: 0 | W19: 0 | X19: 0 | Y19: 1 | Z19: 0 | AA19: 0 | AB19: 0 | AC19: 1 | AD19: 0 | AE19: 0 | AF19: 0 | AG19: 0 | AH19: 1 | AI19: 0 | AJ19: 0 | AK19: 0 | AL19: 0 | AM19: 40 | AN19: 0 | AO19: 40 | AP19: 0 | AQ19: 0 | AR19: 0 | AS19: 1 | AT19: 17 | AU19: 23 | AV19: 2 | AW19: 35 | AX19: 0 | AY19: 3 | AZ19: 0 | BA19: 0 | BB19: 0 | BC19: 0 | BD19: 40 | BE19: 0 | BF19: 0 | BG19: 0 | BH19: Privada | BI19: Urbana | BJ19: Não | BK19: Ativa | BL19: Microescola | BM19: Rede pública | BN19: Rede pública | BO19: Rede pública | BP19: Serviço de coleta
A20: Sudeste | B20: São Paulo | C20: SP | D20: 35 | E20: Rio Claro | F20: 3543907 | G20: ESCOLA MUNICIPAL PROFESSOR ALDO ZOTTARELLI JUNIOR | H20: 35009802 | I20: 3 | J20: 1 | K20: 0 | L20: 10 JC | M20: 589 | O20: BENJAMIN DE CASTRO | P20: 13503504 | Q20: 1 | R20: 1 | S20: 1 | T20: 0 | U20: 0 | V20: 0 | W20: 0 | X20: 0 | Y20: 1 | Z20: 0 | AA20: 0 | AB20: 0 | AC20: 1 | AD20: 0 | AE20: 0 | AF20: 0 | AG20: 0 | AH20: 1 | AI20: 0 | AJ20: 0 | AK20: 0 | AL20: 0 | AM20: 357 | AN20: 0 | AO20: 357 | AP20: 0 | AQ20: 0 | AR20: 0 | AS20: 13 | AT20: 165 | AU20: 192 | AV20: 23 | AW20: 197 | AX20: 20 | AY20: 117 | AZ20: 0 | BA20: 0 | BB20: 0 | BC20: 0 | BD20: 336 | BE20: 20 | BF20: 1 | BG20: 0 | BH20: Municipal | BI20: Urbana | BJ20: Não | BK20: Ativa | BL20: Média | BM20: Rede pública | BN20: Rede pública | BO20: Rede pública | BP20: Serviço de coleta
A21: Sudeste | B21: São Paulo | C21: SP | D21: 35 | E21: Rio Claro | F21: 3543907 | G21: ESCOLA MUNICIPAL PROFESSORA EDNA CRISTINA FARDIM FERNANDES | H21: 35009863 | I21: 3 | J21: 1 | K21: 0 | L21: P 27 | M21: 123 | O21: VILA PAULISTA | P21: 13506832 | Q21: 1 | R21: 1 | S21: 1 | T21: 0 | U21: 0 | V21: 0 | W21: 0 | X21: 0 | Y21: 1 | Z21: 0 | AA21: 0 | AB21: 0 | AC21: 1 | AD21: 0 | AE21: 0 | AF21: 0 | AG21: 0 | AH21: 1 | AI21: 0 | AJ21: 0 | AK21: 0 | AL21: 0 | AM21: 74 | AN21: 74 | AO21: 0 | AP21: 0 | AQ21: 0 | AR21: 0 | AS21: 1 | AT21: 45 | AU21: 29 | AV21: 13 | AW21: 45 | AX21: 5 | AY21: 10 | AZ21: 1 | BA21: 0 | BB21: 72 | BC21: 2 | BD21: 0 | BE21: 0 | BF21: 0 | BG21: 0 | BH21: Municipal | BI21: Urbana | BJ21: Não | BK21: Ativa | BL21: Pequena | BM21: Rede pública | BN21: Rede pública | BO21: Rede pública | BP21: Serviço de coleta
A22: Sudeste | B22: São Paulo | C22: SP | D22: 35 | E22: Rio Claro | F22: 3543907 | G22: ESCOLA MUNICIPAL DO RESIDENCIAL DOS BOSQUES | H22: 35010574 | I22: 3 | J22: 1 | K22: 0 | L22: RUA 3 VLA | M22: 529 | O22: VILA ANHANGUERA | P22: 13503532 | Q22: 1 | R22: 0 | S22: 1 | T22: 0 | U22: 0 | V22: 0 | W22: 0 | X22: 0 | Y22: 1 | Z22: 0 | AA22: 0 | AB22: 0 | AC22: 1 | AD22: 0 | AE22: 0 | AF22: 0 | AG22: 0 | AH22: 1 | AI22: 0 | AJ22: 0 | AK22: 0 | AL22: 0 | AM22: 63 | AN22: 63 | AO22: 0 | AP22: 0 | AQ22: 0 | AR22: 0 | AS22: 0 | AT22: 31 | AU22: 32 | AV22: 4 | AW22: 38 | AX22: 7 | AY22: 14 | AZ22: 0 | BA22: 0 | BB22: 62 | BC22: 1 | BD22: 0 | BE22: 0 | BF22: 0 | BG22: 0 | BH22: Municipal | BI22: Urbana | BJ22: Não | BK22: Ativa | BL22: Pequena | BM22: Rede pública | BN22: Rede pública | BO22: Rede pública | BP22: Serviço de coleta
A23: Sudeste | B23: São Paulo | C23: SP | D23: 35 | E23: Rio Claro | F23: 3543907 | G23: SEST SENAT RIO CLARO | H23: 35010818 | I23: 4 | J23: 1 | K23: 0 | L23: RODOVIA WASHINGTON LUIZ | M23: 176 | O23: JARDIM RIO CLARO | P23: 13503750 | Q23: 1 | R23: 1 | S23: 1 | T23: 0 | U23: 0 | V23: 0 | W23: 0 | X23: 0 | Y23: 1 | Z23: 0 | AA23: 0 | AB23: 0 | AC23: 1 | AD23: 0 | AE23: 0 | AF23: 0 | AG23: 0 | AH23: 1 | AI23: 0 | AJ23: 0 | AK23: 0 | AL23: 0 | AM23: 44 | AN23: 0 | AO23: 0 | AP23: 0 | AQ23: 44 | AR23: 0 | AS23: 0 | AT23: 13 | AU23: 31 | AV23: 25 | AW23: 12 | AX23: 1 | AY23: 5 | AZ23: 1 | BA23: 0 | BB23: 0 | BC23: 0 | BD23: 0 | BE23: 0 | BF23: 0 | BG23: 44 | BH23: Privada | BI23: Urbana | BJ23: Não | BK23: Ativa | BL23: Microescola | BM23: Rede pública | BN23: Rede pública | BO23: Rede pública | BP23: Serviço de coleta
A24: Sudeste | B24: São Paulo | C24: SP | D24: 35 | E24: Rio Claro | F24: 3543907 | G24: CAROLINA AUGUSTA SERAPHIM PROFESSORA | H24: 35021556 | I24: 2 | J24: 1 | K24: 0 | L24: CINCO B | M24: 1191 | N24: RUA | O24: VILA INDAIA | P24: 13506734 | Q24: 1 | R24: 1 | S24: 1 | T24: 0 | U24: 0 | V24: 0 | W24: 0 | X24: 0 | Y24: 1 | Z24: 0 | AA24: 0 | AB24: 0 | AC24: 1 | AD24: 0 | AE24: 0 | AF24: 0 | AG24: 0 | AH24: 1 | AI24: 0 | AJ24: 0 | AK24: 0 | AL24: 0 | AM24: 287 | AN24: 0 | AO24: 287 | AP24: 0 | AQ24: 0 | AR24: 0 | AS24: 8 | AT24: 135 | AU24: 152 | AV24: 1 | AW24: 216 | AX24: 17 | AY24: 53 | AZ24: 0 | BA24: 0 | BB24: 0 | BC24: 0 | BD24: 0 | BE24: 276 | BF24: 11 | BG24: 0 | BH24: Estadual | BI24: Urbana | BJ24: Não | BK24: Ativa | BL24: Média | BM24: Rede pública | BN24: Rede pública | BO24: Rede pública | BP24: Serviço de coleta
A25: Sudeste | B25: São Paulo | C25: SP | D25: 35 | E25: Rio Claro | F25: 3543907 | G25: MONSENHOR MARTINS | H25: 35021568 | I25: 2 | J25: 1 | L25: AV 36 | M25: 717 | N25: AVENIDA | O25: VL OPERARIA | P25: 13504120 | Q25: 2 | BH25: Estadual | BI25: Urbana | BK25: Inativa | BL25: Não informado | BM25: Não informado | BN25: Não informado | BO25: Não informado | BP25: Não informado
A26: Sudeste | B26: São Paulo | C26: SP | D26: 35 | E26: Rio Claro | F26: 3543907 | G26: JOAQUIM SALLES CORONEL | H26: 35021573 | I26: 2 | J26: 1 | K26: 0 | L26: SETE | M26: 793 | N26: RUA | O26: CENTRO | P26: 13500143 | Q26: 1 | R26: 1 | S26: 1 | T26: 0 | U26: 0 | V26: 0 | W26: 0 | X26: 0 | Y26: 1 | Z26: 0 | AA26: 0 | AB26: 0 | AC26: 1 | AD26: 0 | AE26: 0 | AF26: 0 | AG26: 0 | AH26: 1 | AI26: 0 | AJ26: 0 | AK26: 0 | AL26: 0 | AM26: 389 | AN26: 0 | AO26: 389 | AP26: 0 | AQ26: 0 | AR26: 0 | AS26: 15 | AT26: 195 | AU26: 194 | AV26: 7 | AW26: 290 | AX26: 19 | AY26: 72 | AZ26: 1 | BA26: 0 | BB26: 0 | BC26: 0 | BD26: 0 | BE26: 372 | BF26: 17 | BG26: 0 | BH26: Estadual | BI26: Urbana | BJ26: Não | BK26: Ativa | BL26: Média | BM26: Rede pública | BN26: Rede pública | BO26: Rede pública | BP26: Serviço de coleta
A27: Sudeste | B27: São Paulo | C27: SP | D27: 35 | E27: Rio Claro | F27: 3543907 | G27: DJILIAH CAMARGO DE SOUZA PROFA | H27: 35021593 | I27: 2 | J27: 1 | L27: R 4A | M27: 1098 | O27: JARDIM IPE | P27: 13506541 | Q27: 2 | BH27: Estadual | BI27: Urbana | BK27: Inativa | BL27: Não informado | BM27: Não informado | BN27: Não informado | BO27: Não informado | BP27: Não informado
A28: Sudeste | B28: São Paulo | C28: SP | D28: 35 | E28: Rio Claro | F28: 3543907 | G28: JOAQUIM RIBEIRO | H28: 35021611 | I28: 2 | J28: 1 | K28: 0 | L28: SEIS | M28: 437 | N28: RUA | O28: CENTRO | P28: 13500050 | Q28: 1 | R28: 1 | S28: 1 | T28: 0 | U28: 0 | V28: 0 | W28: 0 | X28: 0 | Y28: 1 | Z28: 0 | AA28: 0 | AB28: 0 | AC28: 1 | AD28: 0 | AE28: 0 | AF28: 0 | AG28: 0 | AH28: 1 | AI28: 0 | AJ28: 0 | AK28: 0 | AL28: 0 | AM28: 387 | AN28: 0 | AO28: 0 | AP28: 250 | AQ28: 32 | AR28: 137 | AS28: 21 | AT28: 225 | AU28: 162 | AV28: 40 | AW28: 244 | AX28: 10 | AY28: 91 | AZ28: 1 | BA28: 1 | BB28: 0 | BC28: 0 | BD28: 0 | BE28: 0 | BF28: 237 | BG28: 150 | BH28: Estadual | BI28: Urbana | BJ28: Não | BK28: Ativa | BL28: Média | BM28: Rede pública | BN28: Rede pública | BO28: Rede pública | BP28: Serviço de coleta
A29: Sudeste | B29: São Paulo | C29: SP | D29: 35 | E29: Rio Claro | F29: 3543907 | G29: MARCELLO SCHMIDT | H29: 35021660 | I29: 2 | J29: 1 | L29: AV 1 | M29: 356 | O29: CENTRO | P29: 13500401 | Q29: 2 | BH29: Estadual | BI29: Urbana | BK29: Inativa | BL29: Não informado | BM29: Não informado | BN29: Não informado | BO29: Não informado | BP29: Não informado
A30: Sudeste | B30: São Paulo | C30: SP | D30: 35 | E30: Rio Claro | F30: 3543907 | G30: MARCIANO DE TOLEDO PIZA PROFESSOR | H30: 35021696 | I30: 2 | J30: 1 | K30: 0 | L30: NAVARRO DE ANDRADE | M30: 139 | N30: AVENIDA | O30: CIDADE NOVA | P30: 13506820 | Q30: 1 | R30: 1 | S30: 1 | T30: 0 | U30: 0 | V30: 0 | W30: 0 | X30: 0 | Y30: 1 | Z30: 0 | AA30: 0 | AB30: 0 | AC30: 1 | AD30: 0 | AE30: 0 | AF30: 0 | AG30: 0 | AH30: 1 | AI30: 0 | AJ30: 0 | AK30: 0 | AL30: 0 | AM30: 305 | AN30: 0 | AO30: 0 | AP30: 305 | AQ30: 0 | AR30: 0 | AS30: 4 | AT30: 176 | AU30: 129 | AV30: 12 | AW30: 228 | AX30: 15 | AY30: 49 | AZ30: 1 | BA30: 0 | BB30: 0 | BC30: 0 | BD30: 0 | BE30: 1 | BF30: 279 | BG30: 25 | BH30: Estadual | BI30: Urbana | BJ30: Não | BK30: Ativa | BL30: Média | BM30: Rede pública | BN30: Rede pública | BO30: Rede pública | BP30: Serviço de coleta
A31: Sudeste | B31: São Paulo | C31: SP | D31: 35 | E31: Rio Claro | F31: 3543907 | G31: JOAO BATISTA LEME PROFESSOR | H31: 35021702 | I31: 2 | J31: 1 | K31: 0 | L31: BRASIL | M31: 182 | N31: AVENIDA | O31: VILA ALEMA | P31: 13505151 | Q31: 1 | R31: 1 | S31: 1 | T31: 0 | U31: 0 | V31: 0 | W31: 0 | X31: 0 | Y31: 1 | Z31: 0 | AA31: 0 | AB31: 0 | AC31: 1 | AD31: 0 | AE31: 0 | AF31: 0 | AG31: 0 | AH31: 1 | AI31: 0 | AJ31: 0 | AK31: 0 | AL31: 0 | AM31: 757 | AN31: 0 | AO31: 584 | AP31: 173 | AQ31: 52 | AR31: 0 | AS31: 21 | AT31: 342 | AU31: 415 | AV31: 57 | AW31: 530 | AX31: 17 | AY31: 151 | AZ31: 2 | BA31: 0 | BB31: 0 | BC31: 0 | BD31: 0 | BE31: 552 | BF31: 197 | BG31: 8 | BH31: Estadual | BI31: Urbana | BJ31: Não | BK31: Ativa | BL31: Grande | BM31: Rede pública | BN31: Rede pública | BO31: Rede pública | BP31: Serviço de coleta
A32: Sudeste | B32: São Paulo | C32: SP | D32: 35 | E32: Rio Claro | F32: 3543907 | G32: MICHEL ANTONIO ALEM PROFESSOR | H32: 35021726 | I32: 2 | J32: 1 | K32: 0 | L32: TREZE | M32: 1858 | N32: AVENIDA | O32: CONSOLACAO | P32: 13503400 | Q32: 1 | R32: 1 | S32: 1 | T32: 0 | U32: 0 | V32: 0 | W32: 0 | X32: 0 | Y32: 1 | Z32: 0 | AA32: 0 | AB32: 0 | AC32: 1 | AD32: 0 | AE32: 0 | AF32: 0 | AG32: 0 | AH32: 1 | AI32: 0 | AJ32: 0 | AK32: 0 | AL32: 0 | AM32: 926 | AN32: 0 | AO32: 480 | AP32: 446 | AQ32: 20 | AR32: 0 | AS32: 21 | AT32: 442 | AU32: 484 | AV32: 89 | AW32: 604 | AX32: 20 | AY32: 210 | AZ32: 1 | BA32: 2 | BB32: 0 | BC32: 0 | BD32: 4 | BE32: 433 | BF32: 436 | BG32: 53 | BH32: Estadual | BI32: Urbana | BJ32: Não | BK32: Ativa | BL32: Grande | BM32: Rede pública | BN32: Rede pública | BO32: Rede pública | BP32: Serviço de coleta
A33: Sudeste | B33: São Paulo | C33: SP | D33: 35 | E33: Rio Claro | F33: 3543907 | G33: ODILON CORREA PROFESSOR | H33: 35021738 | I33: 2 | J33: 1 | K33: 0 | L33: 17 | M33: 1726 | N33: RUA | O33: CIDADE CLARET | P33: 13503185 | Q33: 1 | R33: 1 | S33: 1 | T33: 0 | U33: 0 | V33: 0 | W33: 0 | X33: 0 | Y33: 1 | Z33: 0 | AA33: 0 | AB33: 0 | AC33: 1 | AD33: 0 | AE33: 0 | AF33: 0 | AG33: 0 | AH33: 1 | AI33: 0 | AJ33: 0 | AK33: 0 | AL33: 0 | AM33: 1143 | AN33: 0 | AO33: 534 | AP33: 609 | AQ33: 0 | AR33: 0 | AS33: 32 | AT33: 552 | AU33: 591 | AV33: 16 | AW33: 727 | AX33: 31 | AY33: 369 | AZ33: 0 | BA33: 0 | BB33: 0 | BC33: 0 | BD33: 0 | BE33: 489 | BF33: 591 | BG33: 63 | BH33: Estadual | BI33: Urbana | BJ33: Não | BK33: Ativa | BL33: Muito Grande | BM33: Rede pública | BN33: Rede pública | BO33: Rede pública | BP33: Serviço de coleta
A34: Sudeste | B34: São Paulo | C34: SP | D34: 35 | E34: Rio Claro | F34: 3543907 | G34: RAUL FERNANDES CHANCELER | H34: 35021748 | I34: 2 | J34: 1 | K34: 0 | L34: DOIS | M34: 2877 | N34: RUA | O34: VILA OPERARIA | P34: 13504090 | Q34: 1 | R34: 1 | S34: 1 | T34: 0 | U34: 0 | V34: 0 | W34: 0 | X34: 0 | Y34: 1 | Z34: 0 | AA34: 0 | AB34: 0 | AC34: 1 | AD34: 0 | AE34: 0 | AF34: 0 | AG34: 0 | AH34: 1 | AI34: 0 | AJ34: 0 | AK34: 0 | AL34: 0 | AM34: 299 | AN34: 0 | AO34: 0 | AP34: 299 | AQ34: 71 | AR34: 0 | AS34: 16 | AT34: 171 | AU34: 128 | AV34: 6 | AW34: 237 | AX34: 10 | AY34: 45 | AZ34: 1 | BA34: 0 | BB34: 0 | BC34: 0 | BD34: 0 | BE34: 0 | BF34: 280 | BG34: 19 | BH34: Estadual | BI34: Urbana | BJ34: Não | BK34: Ativa | BL34: Média | BM34: Rede pública | BN34: Rede pública | BO34: Rede pública | BP34: Serviço de coleta
A35: Sudeste | B35: São Paulo | C35: SP | D35: 35 | E35: Rio Claro | F35: 3543907 | G35: BARAO DE PIRACICABA | H35: 35021787 | I35: 2 | J35: 1 | K35: 0 | L35: OITO | M35: 2699 | N35: RUA | O35: SANTANA | P35: 13504096 | Q35: 1 | R35: 1 | S35: 1 | T35: 0 | U35: 0 | V35: 0 | W35: 0 | X35: 0 | Y35: 1 | Z35: 0 | AA35: 0 | AB35: 0 | AC35: 1 | AD35: 0 | AE35: 0 | AF35: 0 | AG35: 0 | AH35: 1 | AI35: 0 | AJ35: 0 | AK35: 0 | AL35: 0 | AM35: 661 | AN35: 0 | AO35: 661 | AP35: 0 | AQ35: 0 | AR35: 0 | AS35: 25 | AT35: 326 | AU35: 335 | AV35: 22 | AW35: 501 | AX35: 9 | AY35: 128 | AZ35: 1 | BA35: 0 | BB35: 0 | BC35: 0 | BD35: 1 | BE35: 625 | BF35: 35 | BG35: 0 | BH35: Estadual | BI35: Urbana | BJ35: Não | BK35: Ativa | BL35: Grande | BM35: Rede pública | BN35: Rede pública | BO35: Rede pública | BP35: Serviço de coleta
A36: Sudeste | B36: São Paulo | C36: SP | D36: 35 | E36: Rio Claro | F36: 3543907 | G36: ETEC PROFESSOR ARMANDO BAYEUX DA SILVA | H36: 35021817 | I36: 2 | J36: 1 | K36: 0 | L36: 5 | M36: 445 | N36: AVENIDA | O36: CENTRO | P36: 13500380 | Q36: 1 | R36: 1 | S36: 1 | T36: 0 | U36: 0 | V36: 0 | W36: 0 | X36: 0 | Y36: 1 | Z36: 0 | AA36: 0 | AB36: 0 | AC36: 1 | AD36: 0 | AE36: 0 | AF36: 0 | AG36: 0 | AH36: 1 | AI36: 0 | AJ36: 0 | AK36: 0 | AL36: 0 | AM36: 1169 | AN36: 0 | AO36: 0 | AP36: 606 | AQ36: 977 | AR36: 0 | AS36: 12 | AT36: 569 | AU36: 600 | AV36: 185 | AW36: 772 | AX36: 28 | AY36: 183 | AZ36: 1 | BA36: 0 | BB36: 0 | BC36: 0 | BD36: 0 | BE36: 2 | BF36: 613 | BG36: 554 | BH36: Estadual | BI36: Urbana | BJ36: Não | BK36: Ativa | BL36: Muito Grande | BM36: Rede pública | BN36: Rede pública | BO36: Rede pública | BP36: Serviço de coleta
A37: Sudeste | B37: São Paulo | C37: SP | D37: 35 | E37: Rio Claro | F37: 3543907 | G37: HAMILTON PRADO DEPUTADO FEDERAL | H37: 35036316 | I37: 2 | J37: 1 | L37: R 14 | M37: 3896 | N37: RUA | O37: VL OLINDA | P37: 13504164 | Q37: 2 | BH37: Estadual | BI37: Urbana | BK37: Inativa | BL37: Não informado | BM37: Não informado | BN37: Não informado | BO37: Não informado | BP37: Não informado
A38: Sudeste | B38: São Paulo | C38: SP | D38: 35 | E38: Rio Claro | F38: 3543907 | G38: NELSON STROILI PROFESSOR | H38: 35041661 | I38: 2 | J38: 1 | K38: 0 | L38: M 22 | M38: 951 | N38: RUA | O38: JARDIM IPANEMA | P38: 13505315 | Q38: 1 | R38: 1 | S38: 1 | T38: 0 | U38: 0 | V38: 0 | W38: 0 | X38: 0 | Y38: 1 | Z38: 0 | AA38: 0 | AB38: 0 | AC38: 1 | AD38: 0 | AE38: 0 | AF38: 0 | AG38: 0 | AH38: 1 | AI38: 0 | AJ38: 0 | AK38: 0 | AL38: 0 | AM38: 808 | AN38: 0 | AO38: 342 | AP38: 466 | AQ38: 0 | AR38: 0 | AS38: 22 | AT38: 365 | AU38: 443 | AV38: 21 | AW38: 480 | AX38: 18 | AY38: 285 | AZ38: 3 | BA38: 1 | BB38: 0 | BC38: 0 | BD38: 1 | BE38: 313 | BF38: 449 | BG38: 45 | BH38: Estadual | BI38: Urbana | BJ38: Não | BK38: Ativa | BL38: Grande | BM38: Rede pública | BN38: Rede pública | BO38: Rede pública | BP38: Serviço de coleta
A39: Sudeste | B39: São Paulo | C39: SP | D39: 35 | E39: Rio Claro | F39: 3543907 | G39: JOSE CARDOSO PROFESSOR | H39: 35045895 | I39: 2 | J39: 1 | K39: 0 | L39: 9 | M39: 2383 | N39: RUA | O39: CONJUNTO HABITACIONAL ARCOIRIS CECAP | P39: 13506083 | Q39: 1 | R39: 1 | S39: 1 | T39: 0 | U39: 0 | V39: 0 | W39: 0 | X39: 0 | Y39: 1 | Z39: 0 | AA39: 0 | AB39: 0 | AC39: 1 | AD39: 0 | AE39: 0 | AF39: 0 | AG39: 0 | AH39: 1 | AI39: 0 | AJ39: 0 | AK39: 0 | AL39: 0 | AM39: 1302 | AN39: 0 | AO39: 562 | AP39: 740 | AQ39: 0 | AR39: 0 | AS39: 21 | AT39: 580 | AU39: 722 | AV39: 44 | AW39: 903 | AX39: 23 | AY39: 329 | AZ39: 3 | BA39: 0 | BB39: 0 | BC39: 0 | BD39: 0 | BE39: 517 | BF39: 710 | BG39: 75 | BH39: Estadual | BI39: Urbana | BJ39: Não | BK39: Ativa | BL39: Muito Grande | BM39: Rede pública | BN39: Rede pública | BO39: Rede pública | BP39: Serviço de coleta
A40: Sudeste | B40: São Paulo | C40: SP | D40: 35 | E40: Rio Claro | F40: 3543907 | G40: VICTORINO MACHADO PROF | H40: 35045901 | I40: 2 | J40: 1 | L40: AV 2 | M40: 196 | N40: AVENIDA | O40: BATOVI | P40: 13504763 | Q40: 2 | BH40: Estadual | BI40: Urbana | BK40: Inativa | BL40: Não informado | BM40: Não informado | BN40: Não informado | BO40: Não informado | BP40: Não informado
A41: Sudeste | B41: São Paulo | C41: SP | D41: 35 | E41: Rio Claro | F41: 3543907 | G41: DELCIO BACCARO PROFESSOR | H41: 35049967 | I41: 2 | J41: 1 | K41: 0 | L41: 1 | M41: 303 | N41: COHAB | O41: JARDIM INOCOOP | P41: 13502010 | Q41: 1 | R41: 1 | S41: 1 | T41: 0 | U41: 0 | V41: 0 | W41: 0 | X41: 0 | Y41: 1 | Z41: 0 | AA41: 0 | AB41: 0 | AC41: 1 | AD41: 0 | AE41: 0 | AF41: 0 | AG41: 0 | AH41: 1 | AI41: 0 | AJ41: 0 | AK41: 0 | AL41: 0 | AM41: 999 | AN41: 0 | AO41: 511 | AP41: 488 | AQ41: 77 | AR41: 0 | AS41: 12 | AT41: 465 | AU41: 534 | AV41: 45 | AW41: 552 | AX41: 78 | AY41: 322 | AZ41: 1 | BA41: 1 | BB41: 0 | BC41: 0 | BD41: 2 | BE41: 472 | BF41: 467 | BG41: 58 | BH41: Estadual | BI41: Urbana | BJ41: Não | BK41: Ativa | BL41: Grande | BM41: Rede pública | BN41: Rede pública | BO41: Rede pública | BP41: Serviço de coleta
A42: Sudeste | B42: São Paulo | C42: SP | D42: 35 | E42: Rio Claro | F42: 3543907 | G42: PEDRO DOM I ESCOLA MUNICIPAL | H42: 35061396 | I42: 3 | J42: 1 | K42: 0 | L42: 3 A | M42: 775 | O42: VILA ALEMA | P42: 13506540 | Q42: 1 | R42: 1 | S42: 1 | T42: 0 | U42: 0 | V42: 0 | W42: 0 | X42: 0 | Y42: 1 | Z42: 0 | AA42: 0 | AB42: 0 | AC42: 1 | AD42: 0 | AE42: 0 | AF42: 0 | AG42: 0 | AH42: 1 | AI42: 0 | AJ42: 0 | AK42: 0 | AL42: 0 | AM42: 439 | AN42: 439 | AO42: 0 | AP42: 0 | AQ42: 0 | AR42: 0 | AS42: 16 | AT42: 218 | AU42: 221 | AV42: 11 | AW42: 379 | AX42: 5 | AY42: 44 | AZ42: 0 | BA42: 0 | BB42: 138 | BC42: 267 | BD42: 34 | BE42: 0 | BF42: 0 | BG42: 0 | BH42: Municipal | BI42: Urbana | BJ42: Não | BK42: Ativa | BL42: Média | BM42: Rede pública | BN42: Rede pública | BO42: Rede pública | BP42: Serviço de coleta
A43: Sudeste | B43: São Paulo | C43: SP | D43: 35 | E43: Rio Claro | F43: 3543907 | G43: BENJAMIN FERREIRA ESCOLA MUNICIPAL | H43: 35061402 | I43: 3 | J43: 1 | K43: 0 | L43: 4 B | M43: 70 | N43: RUA | O43: CIDADE NOVA | P43: 13506808 | Q43: 1 | R43: 1 | S43: 1 | T43: 0 | U43: 0 | V43: 0 | W43: 0 | X43: 0 | Y43: 1 | Z43: 0 | AA43: 0 | AB43: 0 | AC43: 1 | AD43: 0 | AE43: 0 | AF43: 0 | AG43: 0 | AH43: 1 | AI43: 0 | AJ43: 0 | AK43: 0 | AL43: 0 | AM43: 102 | AN43: 102 | AO43: 0 | AP43: 0 | AQ43: 0 | AR43: 0 | AS43: 5 | AT43: 51 | AU43: 51 | AV43: 2 | AW43: 84 | AX43: 4 | AY43: 12 | AZ43: 0 | BA43: 0 | BB43: 16 | BC43: 76 | BD43: 10 | BE43: 0 | BF43: 0 | BG43: 0 | BH43: Municipal | BI43: Urbana | BJ43: Não | BK43: Ativa | BL43: Pequena | BM43: Rede pública | BN43: Rede pública | BO43: Rede pública | BP43: Serviço de coleta
A44: Sudeste | B44: São Paulo | C44: SP | D44: 35 | E44: Rio Claro | F44: 3543907 | G44: VICTORINO MACHADO PROF ESCOLA MUNICIPAL | H44: 35061414 | I44: 3 | J44: 1 | K44: 0 | L44: M 27 | M44: 1132 | N44: AVENIDA | O44: PARQUE DAS INDUSTRIAS | P44: 13505006 | Q44: 1 | R44: 1 | S44: 1 | T44: 0 | U44: 0 | V44: 0 | W44: 0 | X44: 0 | Y44: 1 | Z44: 0 | AA44: 0 | AB44: 0 | AC44: 1 | AD44: 0 | AE44: 0 | AF44: 0 | AG44: 0 | AH44: 1 | AI44: 0 | AJ44: 0 | AK44: 0 | AL44: 0 | AM44: 765 | AN44: 404 | AO44: 316 | AP44: 0 | AQ44: 0 | AR44: 45 | AS44: 26 | AT44: 387 | AU44: 378 | AV44: 185 | AW44: 364 | AX44: 34 | AY44: 181 | AZ44: 1 | BA44: 0 | BB44: 75 | BC44: 299 | BD44: 336 | BE44: 10 | BF44: 0 | BG44: 45 | BH44: Municipal | BI44: Urbana | BJ44: Não | BK44: Ativa | BL44: Grande | BM44: Rede pública | BN44: Rede pública | BO44: Rede pública | BP44: Serviço de coleta
A45: Sudeste | B45: São Paulo | C45: SP | D45: 35 | E45: Rio Claro | F45: 3543907 | G45: PAULO KOELLE DR ESCOLA MUNICIPAL | H45: 35061426 | I45: 3 | J45: 1 | K45: 0 | L45: 12 | M45: 867 | N45: RUA | O45: CENTRO | P45: 13500110 | Q45: 1 | R45: 1 | S45: 1 | T45: 0 | U45: 0 | V45: 0 | W45: 0 | X45: 0 | Y45: 1 | Z45: 0 | AA45: 0 | AB45: 0 | AC45: 1 | AD45: 0 | AE45: 0 | AF45: 0 | AG45: 0 | AH45: 1 | AI45: 0 | AJ45: 0 | AK45: 0 | AL45: 0 | AM45: 410 | AN45: 410 | AO45: 0 | AP45: 0 | AQ45: 0 | AR45: 0 | AS45: 21 | AT45: 206 | AU45: 204 | AV45: 31 | AW45: 318 | AX45: 17 | AY45: 44 | AZ45: 0 | BA45: 0 | BB45: 125 | BC45: 267 | BD45: 18 | BE45: 0 | BF45: 0 | BG45: 0 | BH45: Municipal | BI45: Urbana | BJ45: Não | BK45: Ativa | BL45: Média | BM45: Rede pública | BN45: Rede pública | BO45: Rede pública | BP45: Serviço de coleta
A46: Sudeste | B46: São Paulo | C46: SP | D46: 35 | E46: Rio Claro | F46: 3543907 | G46: JOVELINA MORATELI ESCOLA MUNICIPAL | H46: 35063502 | I46: 3 | J46: 1 | K46: 0 | L46: 9 MP | M46: 70 | N46: RUA | O46: MAE PRETA | P46: 13506179 | Q46: 1 | R46: 1 | S46: 1 | T46: 0 | U46: 0 | V46: 0 | W46: 0 | X46: 0 | Y46: 1 | Z46: 0 | AA46: 0 | AB46: 0 | AC46: 1 | AD46: 0 | AE46: 0 | AF46: 0 | AG46: 0 | AH46: 1 | AI46: 0 | AJ46: 0 | AK46: 0 | AL46: 0 | AM46: 282 | AN46: 0 | AO46: 282 | AP46: 0 | AQ46: 0 | AR46: 0 | AS46: 11 | AT46: 127 | AU46: 155 | AV46: 33 | AW46: 180 | AX46: 8 | AY46: 59 | AZ46: 1 | BA46: 1 | BB46: 0 | BC46: 0 | BD46: 273 | BE46: 9 | BF46: 0 | BG46: 0 | BH46: Municipal | BI46: Urbana | BJ46: Não | BK46: Ativa | BL46: Média | BM46: Rede pública | BN46: Rede pública | BO46: Rede pública | BP46: Serviço de coleta
A47: Sudeste | B47: São Paulo | C47: SP | D47: 35 | E47: Rio Claro | F47: 3543907 | G47: JOSE MARTINS DA SILVA PROF ESCOLA MUNICIPAL | H47: 35067398 | I47: 3 | J47: 1 | K47: 0 | L47: 7 JP | M47: 1055 | N47: RUA | O47: JARDIM RESIDENCIAL PALMEIRAS | P47: 13502120 | Q47: 1 | R47: 1 | S47: 1 | T47: 0 | U47: 0 | V47: 0 | W47: 0 | X47: 0 | Y47: 1 | Z47: 0 | AA47: 0 | AB47: 0 | AC47: 1 | AD47: 0 | AE47: 0 | AF47: 0 | AG47: 0 | AH47: 1 | AI47: 0 | AJ47: 0 | AK47: 0 | AL47: 0 | AM47: 326 | AN47: 326 | AO47: 0 | AP47: 0 | AQ47: 0 | AR47: 0 | AS47: 15 | AT47: 180 | AU47: 146 | AV47: 16 | AW47: 211 | AX47: 15 | AY47: 81 | AZ47: 2 | BA47: 1 | BB47: 86 | BC47: 219 | BD47: 21 | BE47: 0 | BF47: 0 | BG47: 0 | BH47: Municipal | BI47: Urbana | BJ47: Não | BK47: Ativa | BL47: Média | BM47: Rede pública | BN47: Rede pública | BO47: Rede pública | BP47: Serviço de coleta
A48: Sudeste | B48: São Paulo | C48: SP | D48: 35 | E48: Rio Claro | F48: 3543907 | G48: JARDIM DAS PALMEIRAS ESCOLA MUNICIPAL CAIC | H48: 35074871 | I48: 3 | J48: 1 | K48: 0 | L48: 18 JB | M48: 401 | N48: AVENIDA | O48: JARDIM BRASILIA | P48: 13500280 | Q48: 1 | R48: 1 | S48: 1 | T48: 0 | U48: 0 | V48: 0 | W48: 0 | X48: 0 | Y48: 1 | Z48: 0 | AA48: 0 | AB48: 0 | AC48: 1 | AD48: 0 | AE48: 0 | AF48: 0 | AG48: 0 | AH48: 1 | AI48: 0 | AJ48: 0 | AK48: 0 | AL48: 0 | AM48: 675 | AN48: 0 | AO48: 627 | AP48: 0 | AQ48: 0 | AR48: 48 | AS48: 31 | AT48: 329 | AU48: 346 | AV48: 57 | AW48: 392 | AX48: 23 | AY48: 201 | AZ48: 1 | BA48: 1 | BB48: 0 | BC48: 0 | BD48: 600 | BE48: 27 | BF48: 12 | BG48: 36 | BH48: Municipal | BI48: Urbana | BJ48: Não | BK48: Ativa | BL48: Grande | BM48: Rede pública | BN48: Rede pública | BO48: Rede pública | BP48: Serviço de coleta
A49: Sudeste | B49: São Paulo | C49: SP | D49: 35 | E49: Rio Claro | F49: 3543907 | G49: EPHRAIM RIBEIRO DOS SANTOS PROF ESCOLA MUNICIPAL | H49: 35083203 | I49: 3 | J49: 1 | K49: 0 | L49: JOSE FELICIO CASTELLANO | M49: 1660 | N49: RUA | O49: VILA CRISTINA | P49: 13506040 | Q49: 1 | R49: 1 | S49: 1 | T49: 0 | U49: 0 | V49: 0 | W49: 0 | X49: 0 | Y49: 1 | Z49: 0 | AA49: 0 | AB49: 0 | AC49: 1 | AD49: 0 | AE49: 0 | AF49: 0 | AG49: 0 | AH49: 1 | AI49: 0 | AJ49: 0 | AK49: 0 | AL49: 0 | AM49: 327 | AN49: 0 | AO49: 327 | AP49: 0 | AQ49: 0 | AR49: 0 | AS49: 14 | AT49: 161 | AU49: 166 | AV49: 32 | AW49: 226 | AX49: 8 | AY49: 59 | AZ49: 2 | BA49: 0 | BB49: 0 | BC49: 0 | BD49: 311 | BE49: 16 | BF49: 0 | BG49: 0 | BH49: Municipal | BI49: Urbana | BJ49: Não | BK49: Ativa | BL49: Média | BM49: Rede pública | BN49: Rede pública | BO49: Rede pública | BP49: Serviço de coleta
A50: Sudeste | B50: São Paulo | C50: SP | D50: 35 | E50: Rio Claro | F50: 3543907 | G50: JOAO REHDER NETO ESCOLA MUNICIPAL | H50: 35083215 | I50: 3 | J50: 1 | K50: 0 | L50: 11 | M50: 3008 | N50: RUA | O50: SANTANA | P50: 13504099 | Q50: 1 | R50: 1 | S50: 1 | T50: 0 | U50: 0 | V50: 0 | W50: 0 | X50: 0 | Y50: 1 | Z50: 0 | AA50: 0 | AB50: 0 | AC50: 1 | AD50: 0 | AE50: 0 | AF50: 0 | AG50: 0 | AH50: 1 | AI50: 0 | AJ50: 0 | AK50: 0 | AL50: 0 | AM50: 314 | AN50: 314 | AO50: 0 | AP50: 0 | AQ50: 0 | AR50: 0 | AS50: 12 | AT50: 156 | AU50: 158 | AV50: 21 | AW50: 221 | AX50: 7 | AY50: 65 | AZ50: 0 | BA50: 0 | BB50: 73 | BC50: 217 | BD50: 24 | BE50: 0 | BF50: 0 | BG50: 0 | BH50: Municipal | BI50: Urbana | BJ50: Não | BK50: Ativa | BL50: Média | BM50: Rede pública | BN50: Rede pública | BO50: Rede pública | BP50: Serviço de coleta
A51: Sudeste | B51: São Paulo | C51: SP | D51: 35 | E51: Rio Claro | F51: 3543907 | G51: LYGIA CARMO POLASTRI VENDRAMEL PROFA ESCOLA MUNICIPAL | H51: 35083914 | I51: 3 | J51: 1 | K51: 0 | L51: 11 C | M51: 13 | N51: RUA | O51: CONJUNTO HABITACIONAL ARCOIRIS CECAP | P51: 13506079 | Q51: 1 | R51: 1 | S51: 1 | T51: 0 | U51: 0 | V51: 0 | W51: 0 | X51: 0 | Y51: 1 | Z51: 0 | AA51: 0 | AB51: 0 | AC51: 1 | AD51: 0 | AE51: 0 | AF51: 0 | AG51: 0 | AH51: 1 | AI51: 0 | AJ51: 0 | AK51: 0 | AL51: 0 | AM51: 340 | AN51: 340 | AO51: 0 | AP51: 0 | AQ51: 0 | AR51: 0 | AS51: 16 | AT51: 169 | AU51: 171 | AV51: 16 | AW51: 222 | AX51: 13 | AY51: 89 | AZ51: 0 | BA51: 0 | BB51: 112 | BC51: 208 | BD51: 20 | BE51: 0 | BF51: 0 | BG51: 0 | BH51: Municipal | BI51: Urbana | BJ51: Não | BK51: Ativa | BL51: Média | BM51: Rede pública | BN51: Rede pública | BO51: Rede pública | BP51: Serviço de coleta
A52: Sudeste | B52: São Paulo | C52: SP | D52: 35 | E52: Rio Claro | F52: 3543907 | G52: ANTONIO MARIA MARROTE ESCOLA MUNICIPAL | H52: 35083926 | I52: 3 | J52: 1 | K52: 0 | L52: 17 BE | M52: 315 | N52: RUA | O52: ESTADIO | P52: 13501340 | Q52: 1 | R52: 1 | S52: 1 | T52: 0 | U52: 0 | V52: 0 | W52: 0 | X52: 0 | Y52: 1 | Z52: 0 | AA52: 0 | AB52: 0 | AC52: 1 | AD52: 0 | AE52: 0 | AF52: 0 | AG52: 0 | AH52: 1 | AI52: 0 | AJ52: 0 | AK52: 0 | AL52: 0 | AM52: 734 | AN52: 188 | AO52: 546 | AP52: 0 | AQ52: 0 | AR52: 0 | AS52: 25 | AT52: 367 | AU52: 367 | AV52: 74 | AW52: 517 | AX52: 29 | AY52: 112 | AZ52: 2 | BA52: 0 | BB52: 47 | BC52: 126 | BD52: 539 | BE52: 22 | BF52: 0 | BG52: 0 | BH52: Municipal | BI52: Urbana | BJ52: Não | BK52: Ativa | BL52: Grande | BM52: Rede pública | BN52: Rede pública | BO52: Rede pública | BP52: Serviço de coleta
A53: Sudeste | B53: São Paulo | C53: SP | D53: 35 | E53: Rio Claro | F53: 3543907 | G53: ELPIDIO MINA PROF ESCOLA MUNICIPAL | H53: 35086356 | I53: 3 | J53: 1 | K53: 0 | L53: 14 A | M53: 121 | N53: RUA | O53: BELA VISTA | P53: 13506747 | Q53: 1 | R53: 1 | S53: 1 | T53: 0 | U53: 0 | V53: 0 | W53: 0 | X53: 0 | Y53: 1 | Z53: 0 | AA53: 0 | AB53: 0 | AC53: 1 | AD53: 0 | AE53: 0 | AF53: 0 | AG53: 0 | AH53: 1 | AI53: 0 | AJ53: 0 | AK53: 0 | AL53: 0 | AM53: 588 | AN53: 210 | AO53: 378 | AP53: 0 | AQ53: 0 | AR53: 0 | AS53: 33 | AT53: 293 | AU53: 295 | AV53: 193 | AW53: 317 | AX53: 19 | AY53: 58 | AZ53: 1 | BA53: 0 | BB53: 74 | BC53: 121 | BD53: 377 | BE53: 16 | BF53: 0 | BG53: 0 | BH53: Municipal | BI53: Urbana | BJ53: Não | BK53: Ativa | BL53: Grande | BM53: Rede pública | BN53: Rede pública | BO53: Rede pública | BP53: Serviço de coleta
A54: Sudeste | B54: São Paulo | C54: SP | D54: 35 | E54: Rio Claro | F54: 3543907 | G54: CLARA FREIRE CASTELLANO ESCOLA MUNICIPAL | H54: 35093524 | I54: 3 | J54: 1 | K54: 0 | L54: 62 | M54: 1134 | N54: AVENIDA | O54: RECANTO PARAISO | P54: 13504450 | Q54: 1 | R54: 1 | S54: 1 | T54: 0 | U54: 0 | V54: 0 | W54: 0 | X54: 0 | Y54: 1 | Z54: 0 | AA54: 0 | AB54: 0 | AC54: 1 | AD54: 0 | AE54: 0 | AF54: 0 | AG54: 0 | AH54: 1 | AI54: 0 | AJ54: 0 | AK54: 0 | AL54: 0 | AM54: 432 | AN54: 432 | AO54: 0 | AP54: 0 | AQ54: 0 | AR54: 0 | AS54: 11 | AT54: 196 | AU54: 236 | AV54: 188 | AW54: 159 | AX54: 5 | AY54: 78 | AZ54: 1 | BA54: 1 | BB54: 101 | BC54: 307 | BD54: 24 | BE54: 0 | BF54: 0 | BG54: 0 | BH54: Municipal | BI54: Urbana | BJ54: Não | BK54: Ativa | BL54: Média | BM54: Rede pública | BN54: Rede pública | BO54: Rede pública | BP54: Serviço de coleta
A55: Sudeste | B55: São Paulo | C55: SP | D55: 35 | E55: Rio Claro | F55: 3543907 | G55: DANTE EGREGGIO ESCOLA MUNICIPAL | H55: 35093531 | I55: 3 | J55: 1 | K55: 0 | L55: P 4 | M55: SN | N55: RUA | O55: VILA PAULISTA | P55: 13506855 | Q55: 1 | R55: 1 | S55: 1 | T55: 0 | U55: 0 | V55: 0 | W55: 0 | X55: 0 | Y55: 1 | Z55: 0 | AA55: 0 | AB55: 0 | AC55: 1 | AD55: 0 | AE55: 0 | AF55: 0 | AG55: 0 | AH55: 1 | AI55: 0 | AJ55: 0 | AK55: 0 | AL55: 0 | AM55: 164 | AN55: 0 | AO55: 164 | AP55: 0 | AQ55: 0 | AR55: 0 | AS55: 8 | AT55: 74 | AU55: 90 | AV55: 10 | AW55: 118 | AX55: 8 | AY55: 27 | AZ55: 0 | BA55: 1 | BB55: 0 | BC55: 0 | BD55: 159 | BE55: 5 | BF55: 0 | BG55: 0 | BH55: Municipal | BI55: Urbana | BJ55: Não | BK55: Ativa | BL55: Pequena | BM55: Rede pública | BN55: Rede pública | BO55: Rede pública | BP55: Serviço de coleta
A56: Sudeste | B56: São Paulo | C56: SP | D56: 35 | E56: Rio Claro | F56: 3543907 | G56: SESI 083 CENTRO EDUCACIONAL | H56: 35114029 | I56: 4 | J56: 1 | K56: 0 | L56: AVENIDA M 29 | M56: 441 | O56: JARDIM FLORIDIANA | P56: 13505007 | Q56: 1 | R56: 1 | S56: 1 | T56: 0 | U56: 0 | V56: 0 | W56: 0 | X56: 0 | Y56: 1 | Z56: 0 | AA56: 0 | AB56: 0 | AC56: 1 | AD56: 0 | AE56: 0 | AF56: 0 | AG56: 0 | AH56: 1 | AI56: 0 | AJ56: 0 | AK56: 0 | AL56: 0 | AM56: 771 | AN56: 0 | AO56: 576 | AP56: 195 | AQ56: 0 | AR56: 0 | AS56: 12 | AT56: 388 | AU56: 383 | AV56: 34 | AW56: 603 | AX56: 18 | AY56: 114 | AZ56: 2 | BA56: 0 | BB56: 0 | BC56: 0 | BD56: 309 | BE56: 264 | BF56: 193 | BG56: 5 | BH56: Privada | BI56: Urbana | BJ56: Não | BK56: Ativa | BL56: Grande | BM56: Rede pública | BN56: Rede pública | BO56: Rede pública | BP56: Serviço de coleta
A57: Sudeste | B57: São Paulo | C57: SP | D57: 35 | E57: Rio Claro | F57: 3543907 | G57: PURISSIMO CORACAO DE MARIA COLEGIO | H57: 35114030 | I57: 4 | J57: 1 | K57: 0 | L57: 7 | M57: 881 | N57: RUA | O57: CENTRO | P57: 13500143 | Q57: 1 | R57: 1 | S57: 1 | T57: 0 | U57: 0 | V57: 0 | W57: 0 | X57: 0 | Y57: 1 | Z57: 0 | AA57: 0 | AB57: 0 | AC57: 1 | AD57: 0 | AE57: 0 | AF57: 0 | AG57: 0 | AH57: 1 | AI57: 0 | AJ57: 0 | AK57: 0 | AL57: 0 | AM57: 916 | AN57: 81 | AO57: 580 | AP57: 255 | AQ57: 0 | AR57: 0 | AS57: 25 | AT57: 449 | AU57: 467 | AV57: 4 | AW57: 867 | AX57: 6 | AY57: 37 | AZ57: 2 | BA57: 0 | BB57: 19 | BC57: 59 | BD57: 284 | BE57: 304 | BF57: 241 | BG57: 9 | BH57: Privada | BI57: Urbana | BJ57: Não | BK57: Ativa | BL57: Grande | BM57: Rede pública | BN57: Rede pública | BO57: Rede pública | BP57: Serviço de coleta
A58: Sudeste | B58: São Paulo | C58: SP | D58: 35 | E58: Rio Claro | F58: 3543907 | G58: ALEM COLEGIO | H58: 35114042 | I58: 4 | J58: 1 | K58: 0 | L58: 6 | M58: 536 | N58: AVENIDA | O58: CENTRO | P58: 13500430 | Q58: 1 | R58: 1 | S58: 1 | T58: 0 | U58: 0 | V58: 0 | W58: 0 | X58: 0 | Y58: 1 | Z58: 0 | AA58: 0 | AB58: 0 | AC58: 1 | AD58: 0 | AE58: 0 | AF58: 0 | AG58: 0 | AH58: 1 | AI58: 0 | AJ58: 0 | AK58: 0 | AL58: 0 | AM58: 243 | AN58: 0 | AO58: 122 | AP58: 80 | AQ58: 41 | AR58: 0 | AS58: 2 | AT58: 103 | AU58: 140 | AV58: 26 | AW58: 186 | AX58: 4 | AY58: 27 | AZ58: 0 | BA58: 0 | BB58: 0 | BC58: 0 | BD58: 57 | BE58: 65 | BF58: 69 | BG58: 52 | BH58: Privada | BI58: Urbana | BJ58: Não | BK58: Ativa | BL58: Média | BM58: Rede pública | BN58: Rede pública | BO58: Rede pública | BP58: Serviço de coleta
A59: Sudeste | B59: São Paulo | C59: SP | D59: 35 | E59: Rio Claro | F59: 3543907 | G59: CLARETIANO COLEGIO | H59: 35114066 | I59: 4 | J59: 1 | K59: 0 | L59: SANTO ANTONIO MARIA CLARET | M59: 1724 | N59: AVENIDA | O59: CIDADE CLARET | P59: 13503257 | Q59: 1 | R59: 1 | S59: 1 | T59: 1 | U59: 0 | V59: 0 | W59: 0 | X59: 0 | Y59: 1 | Z59: 0 | AA59: 1 | AB59: 0 | AC59: 1 | AD59: 0 | AE59: 0 | AF59: 0 | AG59: 0 | AH59: 1 | AI59: 0 | AJ59: 0 | AK59: 0 | AL59: 0 | AM59: 749 | AN59: 35 | AO59: 478 | AP59: 236 | AQ59: 0 | AR59: 0 | AS59: 10 | AT59: 402 | AU59: 347 | AV59: 22 | AW59: 690 | AX59: 6 | AY59: 26 | AZ59: 5 | BA59: 0 | BB59: 5 | BC59: 28 | BD59: 228 | BE59: 253 | BF59: 231 | BG59: 4 | BH59: Privada | BI59: Urbana | BJ59: Não | BK59: Ativa | BL59: Grande | BM59: Rede pública | BN59: Rede pública | BO59: Rede pública | BP59: Serviço de coleta
A60: Sudeste | B60: São Paulo | C60: SP | D60: 35 | E60: Rio Claro | F60: 3543907 | G60: KOELLE COLEGIO | H60: 35114078 | I60: 4 | J60: 1 | K60: 0 | L60: 5 | M60: 1827 | N60: RUA | O60: CENTRO | P60: 13500181 | Q60: 1 | R60: 1 | S60: 1 | T60: 0 | U60: 0 | V60: 0 | W60: 0 | X60: 0 | Y60: 1 | Z60: 0 | AA60: 0 | AB60: 0 | AC60: 1 | AD60: 0 | AE60: 0 | AF60: 0 | AG60: 0 | AH60: 1 | AI60: 0 | AJ60: 0 | AK60: 0 | AL60: 0 | AM60: 958 | AN60: 102 | AO60: 632 | AP60: 224 | AQ60: 0 | AR60: 0 | AS60: 28 | AT60: 494 | AU60: 464 | AV60: 143 | AW60: 798 | AX60: 2 | AY60: 10 | AZ60: 4 | BA60: 1 | BB60: 45 | BC60: 51 | BD60: 296 | BE60: 353 | BF60: 209 | BG60: 4 | BH60: Privada | BI60: Urbana | BJ60: Não | BK60: Ativa | BL60: Grande | BM60: Rede pública | BN60: Rede pública | BO60: Rede pública | BP60: Serviço de coleta
A61: Sudeste | B61: São Paulo | C61: SP | D61: 35 | E61: Rio Claro | F61: 3543907 | G61: FRANCESCO PAOLI ESCOLA MUNICIPAL | H61: 35121903 | I61: 3 | J61: 1 | K61: 0 | L61: P 7 | M61: 787 | N61: RUA | O61: VILA PAULISTA | P61: 13506871 | Q61: 1 | R61: 1 | S61: 1 | T61: 0 | U61: 0 | V61: 0 | W61: 0 | X61: 0 | Y61: 1 | Z61: 0 | AA61: 0 | AB61: 0 | AC61: 1 | AD61: 0 | AE61: 0 | AF61: 0 | AG61: 0 | AH61: 1 | AI61: 0 | AJ61: 0 | AK61: 0 | AL61: 0 | AM61: 65 | AN61: 65 | AO61: 0 | AP61: 0 | AQ61: 0 | AR61: 0 | AS61: 1 | AT61: 25 | AU61: 40 | AV61: 4 | AW61: 52 | AX61: 3 | AY61: 6 | AZ61: 0 | BA61: 0 | BB61: 63 | BC61: 2 | BD61: 0 | BE61: 0 | BF61: 0 | BG61: 0 | BH61: Municipal | BI61: Urbana | BJ61: Não | BK61: Ativa | BL61: Pequena | BM61: Rede pública | BN61: Rede pública | BO61: Rede pública | BP61: Serviço de coleta
A62: Sudeste | B62: São Paulo | C62: SP | D62: 35 | E62: Rio Claro | F62: 3543907 | G62: ADVENTISTA DE RIO CLARO COLEGIO | H62: 35126251 | I62: 4 | J62: 1 | K62: 0 | L62: 9B | M62: 1115 | N62: RUA | O62: VILA INDAIA | P62: 13506743 | Q62: 1 | R62: 1 | S62: 1 | T62: 0 | U62: 0 | V62: 0 | W62: 0 | X62: 0 | Y62: 1 | Z62: 0 | AA62: 0 | AB62: 0 | AC62: 1 | AD62: 0 | AE62: 0 | AF62: 0 | AG62: 0 | AH62: 1 | AI62: 0 | AJ62: 0 | AK62: 0 | AL62: 0 | AM62: 581 | AN62: 69 | AO62: 512 | AP62: 0 | AQ62: 0 | AR62: 0 | AS62: 7 | AT62: 293 | AU62: 288 | AV62: 59 | AW62: 451 | AX62: 15 | AY62: 55 | AZ62: 1 | BA62: 0 | BB62: 12 | BC62: 50 | BD62: 302 | BE62: 210 | BF62: 7 | BG62: 0 | BH62: Privada | BI62: Urbana | BJ62: Não | BK62: Ativa | BL62: Grande | BM62: Rede pública | BN62: Rede pública | BO62: Rede pública | BP62: Serviço de coleta
A63: Sudeste | B63: São Paulo | C63: SP | D63: 35 | E63: Rio Claro | F63: 3543907 | G63: SEMENTE ESCOLA DE EDUCACAO INFANTIL E ENSINO FUNDAMENTAL | H63: 35138368 | I63: 4 | J63: 1 | L63: AV 25 | M63: 148 | N63: RUA | O63: STO ANTONIO | P63: 13500110 | Q63: 2 | BH63: Privada | BI63: Urbana | BK63: Inativa | BL63: Não informado | BM63: Não informado | BN63: Não informado | BO63: Não informado | BP63: Não informado
A64: Sudeste | B64: São Paulo | C64: SP | D64: 35 | E64: Rio Claro | F64: 3543907 | G64: APAE DE RIO CLARO | H64: 35145524 | I64: 4 | J64: 1 | K64: 0 | L64: AV. PRESIDENTE TANCREDO DE ALMEIDA NEVES | M64: 249 | O64: CIDADE CLARET | P64: 13503280 | Q64: 1 | R64: 1 | S64: 1 | T64: 0 | U64: 0 | V64: 0 | W64: 0 | X64: 0 | Y64: 1 | Z64: 0 | AA64: 0 | AB64: 0 | AC64: 1 | AD64: 0 | AE64: 0 | AF64: 0 | AG64: 0 | AH64: 1 | AI64: 0 | AJ64: 0 | AK64: 0 | AL64: 0 | AM64: 210 | AN64: 0 | AO64: 210 | AP64: 0 | AQ64: 0 | AR64: 0 | AS64: 210 | AT64: 86 | AU64: 124 | AV64: 12 | AW64: 150 | AX64: 2 | AY64: 46 | AZ64: 0 | BA64: 0 | BB64: 0 | BC64: 0 | BD64: 14 | BE64: 27 | BF64: 18 | BG64: 151 | BH64: Privada | BI64: Urbana | BJ64: Não | BK64: Ativa | BL64: Média | BM64: Rede pública | BN64: Rede pública | BO64: Rede pública | BP64: Serviço de coleta
A65: Sudeste | B65: São Paulo | C65: SP | D65: 35 | E65: Rio Claro | F65: 3543907 | G65: MANOEL JOSE FERREIRA ESCOLA SENAI | H65: 35147597 | I65: 4 | J65: 1 | K65: 0 | L65: 46 | M65: 661 | N65: AVENIDA | O65: JARDIM PRIMAVERA | P65: 13504050 | Q65: 1 | R65: 1 | S65: 1 | T65: 0 | U65: 0 | V65: 0 | W65: 0 | X65: 0 | Y65: 1 | Z65: 0 | AA65: 0 | AB65: 0 | AC65: 1 | AD65: 0 | AE65: 0 | AF65: 0 | AG65: 0 | AH65: 1 | AI65: 0 | AJ65: 0 | AK65: 1 | AL65: 0 | AM65: 86 | AN65: 0 | AO65: 0 | AP65: 0 | AQ65: 86 | AR65: 0 | AS65: 1 | AT65: 16 | AU65: 70 | AV65: 3 | AW65: 67 | AX65: 0 | AY65: 16 | AZ65: 0 | BA65: 0 | BB65: 0 | BC65: 0 | BD65: 0 | BE65: 0 | BF65: 10 | BG65: 76 | BH65: Privada | BI65: Urbana | BJ65: Não | BK65: Ativa | BL65: Pequena | BM65: Rede pública | BN65: Rede pública | BO65: Rede pública | BP65: Serviço de coleta
A66: Sudeste | B66: São Paulo | C66: SP | D66: 35 | E66: Rio Claro | F66: 3543907 | G66: SENAC RIO CLARO | H66: 35149111 | I66: 4 | J66: 1 | K66: 0 | L66: DOIS | M66: 720 | N66: AVENIDA | O66: CENTRO | P66: 13500411 | Q66: 1 | R66: 1 | S66: 1 | T66: 0 | U66: 0 | V66: 0 | W66: 0 | X66: 0 | Y66: 1 | Z66: 0 | AA66: 0 | AB66: 0 | AC66: 1 | AD66: 0 | AE66: 0 | AF66: 0 | AG66: 0 | AH66: 1 | AI66: 0 | AJ66: 0 | AK66: 1 | AL66: 0 | AM66: 421 | AN66: 0 | AO66: 0 | AP66: 0 | AQ66: 421 | AR66: 0 | AS66: 6 | AT66: 260 | AU66: 161 | AV66: 125 | AW66: 219 | AX66: 14 | AY66: 61 | AZ66: 2 | BA66: 0 | BB66: 0 | BC66: 0 | BD66: 0 | BE66: 0 | BF66: 21 | BG66: 400 | BH66: Privada | BI66: Urbana | BJ66: Não | BK66: Ativa | BL66: Média | BM66: Rede pública | BN66: Rede pública | BO66: Rede pública | BP66: Serviço de coleta
A67: Sudeste | B67: São Paulo | C67: SP | D67: 35 | E67: Rio Claro | F67: 3543907 | G67: COLEGIO OBJETIVO DE RIO CLARO | H67: 35159013 | I67: 4 | J67: 1 | K67: 0 | L67: 24 | M67: 1797 | N67: RUA | O67: JARDIM SAO PAULO II | P67: 13503111 | Q67: 1 | R67: 1 | S67: 1 | T67: 0 | U67: 0 | V67: 0 | W67: 0 | X67: 0 | Y67: 1 | Z67: 0 | AA67: 0 | AB67: 0 | AC67: 1 | AD67: 0 | AE67: 0 | AF67: 0 | AG67: 0 | AH67: 1 | AI67: 0 | AJ67: 0 | AK67: 0 | AL67: 0 | AM67: 1005 | AN67: 115 | AO67: 681 | AP67: 209 | AQ67: 0 | AR67: 0 | AS67: 13 | AT67: 504 | AU67: 501 | AV67: 47 | AW67: 905 | AX67: 5 | AY67: 44 | AZ67: 4 | BA67: 0 | BB67: 32 | BC67: 74 | BD67: 344 | BE67: 345 | BF67: 201 | BG67: 9 | BH67: Privada | BI67: Urbana | BJ67: Não | BK67: Ativa | BL67: Muito Grande | BM67: Rede pública | BN67: Rede pública | BO67: Rede pública | BP67: Serviço de coleta
A68: Sudeste | B68: São Paulo | C68: SP | D68: 35 | E68: Rio Claro | F68: 3543907 | G68: COLEGIO NAZARENO | H68: 35159025 | I68: 4 | J68: 1 | K68: 0 | L68: 37 | M68: 1000 | O68: CIDADE JARDIM | P68: 13501170 | Q68: 1 | R68: 1 | S68: 1 | T68: 0 | U68: 0 | V68: 0 | W68: 0 | X68: 0 | Y68: 1 | Z68: 0 | AA68: 0 | AB68: 0 | AC68: 1 | AD68: 0 | AE68: 0 | AF68: 0 | AG68: 0 | AH68: 1 | AI68: 0 | AJ68: 0 | AK68: 0 | AL68: 0 | AM68: 252 | AN68: 32 | AO68: 207 | AP68: 13 | AQ68: 0 | AR68: 0 | AS68: 5 | AT68: 126 | AU68: 126 | AV68: 16 | AW68: 217 | AX68: 4 | AY68: 14 | AZ68: 1 | BA68: 0 | BB68: 11 | BC68: 15 | BD68: 117 | BE68: 94 | BF68: 15 | BG68: 0 | BH68: Privada | BI68: Urbana | BJ68: Não | BK68: Ativa | BL68: Média | BM68: Rede pública | BN68: Rede pública | BO68: Rede pública | BP68: Serviço de coleta
A69: Sudeste | B69: São Paulo | C69: SP | D69: 35 | E69: Rio Claro | F69: 3543907 | G69: CLARETIANO COLEGIO CIDADE JARDIM | H69: 35159037 | I69: 4 | J69: 1 | L69: AVENIDA 37 | M69: 1000 | N69: AVENIDA | O69: CIDADE JARDIM | P69: 13501170 | Q69: 2 | BH69: Privada | BI69: Urbana | BK69: Inativa | BL69: Não informado | BM69: Não informado | BN69: Não informado | BO69: Não informado | BP69: Não informado
A70: Sudeste | B70: São Paulo | C70: SP | D70: 35 | E70: Rio Claro | F70: 3543907 | G70: SERGIO HERNANI FITTIPALDI ESCOLA MUNICIPAL | H70: 35191437 | I70: 3 | J70: 1 | K70: 0 | L70: M 53 | M70: 2513 | N70: ENTRE RUAS 9 E 10 | O70: JARDIM DAS FLORES | P70: 13505495 | Q70: 1 | R70: 1 | S70: 1 | T70: 0 | U70: 0 | V70: 0 | W70: 0 | X70: 0 | Y70: 1 | Z70: 0 | AA70: 0 | AB70: 0 | AC70: 1 | AD70: 0 | AE70: 0 | AF70: 0 | AG70: 0 | AH70: 1 | AI70: 0 | AJ70: 0 | AK70: 0 | AL70: 0 | AM70: 479 | AN70: 0 | AO70: 463 | AP70: 0 | AQ70: 0 | AR70: 16 | AS70: 21 | AT70: 235 | AU70: 244 | AV70: 68 | AW70: 251 | AX70: 15 | AY70: 141 | AZ70: 3 | BA70: 1 | BB70: 0 | BC70: 0 | BD70: 431 | BE70: 32 | BF70: 0 | BG70: 16 | BH70: Municipal | BI70: Urbana | BJ70: Não | BK70: Ativa | BL70: Média | BM70: Rede pública | BN70: Rede pública | BO70: Rede pública | BP70: Serviço de coleta
A71: Sudeste | B71: São Paulo | C71: SP | D71: 35 | E71: Rio Claro | F71: 3543907 | G71: TRADE TREINAMENTO E EDUCACAO PROFISSIONAL | H71: 35196861 | I71: 4 | J71: 1 | L71: AVENIDA VISCONDE DE RIO CLARO | O71: CENTRO | P71: 13500505 | Q71: 2 | BH71: Privada | BI71: Urbana | BK71: Inativa | BL71: Não informado | BM71: Não informado | BN71: Não informado | BO71: Não informado | BP71: Não informado
A72: Sudeste | B72: São Paulo | C72: SP | D72: 35 | E72: Rio Claro | F72: 3543907 | G72: LUCIDIA THEREZINHA CASSAVIA ESCRIVAO SOARES EM | H72: 35204973 | I72: 3 | J72: 1 | K72: 0 | L72: 20 BV | M72: 5784 | N72: RUA | O72: JARDIM BOA VISTA | P72: 13504717 | Q72: 1 | R72: 1 | S72: 1 | T72: 0 | U72: 0 | V72: 0 | W72: 0 | X72: 0 | Y72: 1 | Z72: 0 | AA72: 0 | AB72: 0 | AC72: 1 | AD72: 0 | AE72: 0 | AF72: 0 | AG72: 0 | AH72: 1 | AI72: 0 | AJ72: 0 | AK72: 0 | AL72: 0 | AM72: 187 | AN72: 187 | AO72: 0 | AP72: 0 | AQ72: 0 | AR72: 0 | AS72: 4 | AT72: 91 | AU72: 96 | AV72: 32 | AW72: 84 | AX72: 12 | AY72: 58 | AZ72: 0 | BA72: 1 | BB72: 52 | BC72: 123 | BD72: 12 | BE72: 0 | BF72: 0 | BG72: 0 | BH72: Municipal | BI72: Urbana | BJ72: Não | BK72: Ativa | BL72: Pequena | BM72: Rede pública | BN72: Rede pública | BO72: Rede pública | BP72: Serviço de coleta
A73: Sudeste | B73: São Paulo | C73: SP | D73: 35 | E73: Rio Claro | F73: 3543907 | G73: ISOLINA HUPPERT CASSAVIA ESCOLA MUNICIPAL | H73: 35204985 | I73: 3 | J73: 1 | K73: 0 | L73: 18 BR | M73: 401 | N73: AVENIDA | O73: JARDIM BRASILIA | P73: 13502290 | Q73: 1 | R73: 1 | S73: 1 | T73: 0 | U73: 0 | V73: 0 | W73: 0 | X73: 0 | Y73: 1 | Z73: 0 | AA73: 0 | AB73: 0 | AC73: 1 | AD73: 0 | AE73: 0 | AF73: 0 | AG73: 0 | AH73: 1 | AI73: 0 | AJ73: 0 | AK73: 0 | AL73: 0 | AM73: 301 | AN73: 301 | AO73: 0 | AP73: 0 | AQ73: 0 | AR73: 0 | AS73: 10 | AT73: 151 | AU73: 150 | AV73: 12 | AW73: 175 | AX73: 18 | AY73: 96 | AZ73: 0 | BA73: 0 | BB73: 120 | BC73: 167 | BD73: 14 | BE73: 0 | BF73: 0 | BG73: 0 | BH73: Municipal | BI73: Urbana | BJ73: Não | BK73: Ativa | BL73: Média | BM73: Rede pública | BN73: Rede pública | BO73: Rede pública | BP73: Serviço de coleta
A74: Sudeste | B74: São Paulo | C74: SP | D74: 35 | E74: Rio Claro | F74: 3543907 | G74: MITIKO MATSUSHITA NEVOEIRO ESCOLA MUNICIPAL | H74: 35204997 | I74: 3 | J74: 1 | K74: 0 | L74: M 31 | M74: 2260 | N74: AVENIDA | O74: JARDIM SAO JOAO | P74: 13505420 | Q74: 1 | R74: 1 | S74: 1 | T74: 0 | U74: 0 | V74: 0 | W74: 0 | X74: 0 | Y74: 1 | Z74: 0 | AA74: 0 | AB74: 0 | AC74: 1 | AD74: 0 | AE74: 0 | AF74: 0 | AG74: 0 | AH74: 1 | AI74: 0 | AJ74: 0 | AK74: 1 | AL74: 0 | AM74: 344 | AN74: 344 | AO74: 0 | AP74: 0 | AQ74: 0 | AR74: 0 | AS74: 18 | AT74: 173 | AU74: 171 | AV74: 24 | AW74: 166 | AX74: 15 | AY74: 139 | AZ74: 0 | BA74: 0 | BB74: 83 | BC74: 234 | BD74: 27 | BE74: 0 | BF74: 0 | BG74: 0 | BH74: Municipal | BI74: Urbana | BJ74: Não | BK74: Ativa | BL74: Média | BM74: Rede pública | BN74: Rede pública | BO74: Rede pública | BP74: Serviço de coleta
A75: Sudeste | B75: São Paulo | C75: SP | D75: 35 | E75: Rio Claro | F75: 3543907 | G75: LUCIA APARECIDA BUSCHINELLI CARNEIRO EM | H75: 35236330 | I75: 3 | J75: 1 | K75: 0 | L75: 23 | M75: 3850 | N75: RUA | O75: JARDIM PAULISTA II | P75: 13504305 | Q75: 1 | R75: 1 | S75: 1 | T75: 0 | U75: 0 | V75: 0 | W75: 0 | X75: 0 | Y75: 1 | Z75: 0 | AA75: 0 | AB75: 0 | AC75: 1 | AD75: 0 | AE75: 0 | AF75: 0 | AG75: 0 | AH75: 1 | AI75: 0 | AJ75: 0 | AK75: 0 | AL75: 0 | AM75: 92 | AN75: 92 | AO75: 0 | AP75: 0 | AQ75: 0 | AR75: 0 | AS75: 0 | AT75: 50 | AU75: 42 | AV75: 1 | AW75: 50 | AX75: 5 | AY75: 36 | AZ75: 0 | BA75: 0 | BB75: 92 | BC75: 0 | BD75: 0 | BE75: 0 | BF75: 0 | BG75: 0 | BH75: Municipal | BI75: Urbana | BJ75: Não | BK75: Ativa | BL75: Pequena | BM75: Rede pública | BN75: Rede pública | BO75: Rede pública | BP75: Serviço de coleta
A76: Sudeste | B76: São Paulo | C76: SP | D76: 35 | E76: Rio Claro | F76: 3543907 | G76: FRANCISCA COAN ESCOLA MUNICIPAL | H76: 35236342 | I76: 3 | J76: 1 | K76: 0 | L76: M 31 | M76: 2236 | N76: AVENIDA | O76: JARDIM SAO JOAO | P76: 13505420 | Q76: 1 | R76: 1 | S76: 1 | T76: 0 | U76: 0 | V76: 0 | W76: 0 | X76: 0 | Y76: 1 | Z76: 0 | AA76: 0 | AB76: 0 | AC76: 1 | AD76: 0 | AE76: 0 | AF76: 0 | AG76: 0 | AH76: 1 | AI76: 0 | AJ76: 0 | AK76: 0 | AL76: 0 | AM76: 204 | AN76: 204 | AO76: 0 | AP76: 0 | AQ76: 0 | AR76: 0 | AS76: 2 | AT76: 112 | AU76: 92 | AV76: 13 | AW76: 99 | AX76: 19 | AY76: 71 | AZ76: 2 | BA76: 0 | BB76: 204 | BC76: 0 | BD76: 0 | BE76: 0 | BF76: 0 | BG76: 0 | BH76: Municipal | BI76: Urbana | BJ76: Não | BK76: Ativa | BL76: Média | BM76: Rede pública | BN76: Rede pública | BO76: Rede pública | BP76: Serviço de coleta
A77: Sudeste | B77: São Paulo | C77: SP | D77: 35 | E77: Rio Claro | F77: 3543907 | G77: SANTO ANTONIO ESCOLA MUNICIPAL | H77: 35236354 | I77: 3 | J77: 1 | K77: 0 | L77: 38 | M77: 625 | O77: VILA OPERARIA | P77: 13504130 | Q77: 1 | R77: 1 | S77: 1 | T77: 0 | U77: 0 | V77: 0 | W77: 0 | X77: 0 | Y77: 1 | Z77: 0 | AA77: 0 | AB77: 0 | AC77: 1 | AD77: 0 | AE77: 0 | AF77: 0 | AG77: 0 | AH77: 1 | AI77: 0 | AJ77: 0 | AK77: 0 | AL77: 0 | AM77: 40 | AN77: 40 | AO77: 0 | AP77: 0 | AQ77: 0 | AR77: 0 | AS77: 0 | AT77: 24 | AU77: 16 | AV77: 8 | AW77: 25 | AX77: 2 | AY77: 5 | AZ77: 0 | BA77: 0 | BB77: 40 | BC77: 0 | BD77: 0 | BE77: 0 | BF77: 0 | BG77: 0 | BH77: Municipal | BI77: Urbana | BJ77: Não | BK77: Ativa | BL77: Microescola | BM77: Rede pública | BN77: Rede pública | BO77: Rede pública | BP77: Serviço de coleta
A78: Sudeste | B78: São Paulo | C78: SP | D78: 35 | E78: Rio Claro | F78: 3543907 | G78: ROSA MARIA CASTELLANO PIERONI ESCOLA MUNICIPAL | H78: 35236366 | I78: 3 | J78: 1 | K78: 0 | L78: M 15 | M78: 580 | N78: AVENIDA | O78: JARDIM CHERVESON | P78: 13505320 | Q78: 1 | R78: 1 | S78: 1 | T78: 0 | U78: 0 | V78: 0 | W78: 0 | X78: 0 | Y78: 1 | Z78: 0 | AA78: 0 | AB78: 0 | AC78: 1 | AD78: 0 | AE78: 0 | AF78: 0 | AG78: 0 | AH78: 1 | AI78: 0 | AJ78: 0 | AK78: 0 | AL78: 0 | AM78: 134 | AN78: 134 | AO78: 0 | AP78: 0 | AQ78: 0 | AR78: 0 | AS78: 1 | AT78: 61 | AU78: 73 | AV78: 13 | AW78: 69 | AX78: 19 | AY78: 33 | AZ78: 0 | BA78: 0 | BB78: 134 | BC78: 0 | BD78: 0 | BE78: 0 | BF78: 0 | BG78: 0 | BH78: Municipal | BI78: Urbana | BJ78: Não | BK78: Ativa | BL78: Pequena | BM78: Rede pública | BN78: Rede pública | BO78: Rede pública | BP78: Serviço de coleta
A79: Sudeste | B79: São Paulo | C79: SP | D79: 35 | E79: Rio Claro | F79: 3543907 | G79: MONTEIRO LOBATO ESCOLA MUNICIPAL | H79: 35236378 | I79: 3 | J79: 1 | K79: 0 | L79: 1 MP | M79: 56 | N79: AVENIDA | O79: PARQUE MAE PRETA | P79: 13506160 | Q79: 1 | R79: 1 | S79: 1 | T79: 0 | U79: 0 | V79: 0 | W79: 0 | X79: 0 | Y79: 1 | Z79: 0 | AA79: 0 | AB79: 0 | AC79: 1 | AD79: 0 | AE79: 0 | AF79: 0 | AG79: 0 | AH79: 1 | AI79: 0 | AJ79: 0 | AK79: 0 | AL79: 0 | AM79: 147 | AN79: 147 | AO79: 0 | AP79: 0 | AQ79: 0 | AR79: 0 | AS79: 3 | AT79: 86 | AU79: 61 | AV79: 0 | AW79: 101 | AX79: 11 | AY79: 34 | AZ79: 1 | BA79: 0 | BB79: 147 | BC79: 0 | BD79: 0 | BE79: 0 | BF79: 0 | BG79: 0 | BH79: Municipal | BI79: Urbana | BJ79: Não | BK79: Ativa | BL79: Pequena | BM79: Rede pública | BN79: Rede pública | BO79: Rede pública | BP79: Serviço de coleta
A80: Sudeste | B80: São Paulo | C80: SP | D80: 35 | E80: Rio Claro | F80: 3543907 | G80: MORA GUIMARAES ESCOLA MUNICIPAL | H80: 35236385 | I80: 3 | J80: 1 | K80: 0 | L80: 20 BV | M80: 5784 | N80: RUA | O80: JARDIM BOA VISTA | P80: 13504717 | Q80: 1 | R80: 1 | S80: 1 | T80: 0 | U80: 0 | V80: 0 | W80: 0 | X80: 0 | Y80: 1 | Z80: 0 | AA80: 0 | AB80: 0 | AC80: 1 | AD80: 0 | AE80: 0 | AF80: 0 | AG80: 0 | AH80: 1 | AI80: 0 | AJ80: 0 | AK80: 0 | AL80: 0 | AM80: 64 | AN80: 64 | AO80: 0 | AP80: 0 | AQ80: 0 | AR80: 0 | AS80: 0 | AT80: 24 | AU80: 40 | AV80: 1 | AW80: 42 | AX80: 5 | AY80: 15 | AZ80: 1 | BA80: 0 | BB80: 64 | BC80: 0 | BD80: 0 | BE80: 0 | BF80: 0 | BG80: 0 | BH80: Municipal | BI80: Urbana | BJ80: Não | BK80: Ativa | BL80: Pequena | BM80: Rede pública | BN80: Rede pública | BO80: Rede pública | BP80: Serviço de coleta
A81: Sudeste | B81: São Paulo | C81: SP | D81: 35 | E81: Rio Claro | F81: 3543907 | G81: MARIA TEIXEIRA FITTIPALDI PROFA ESCOLA MUNICIPAL | H81: 35236391 | I81: 3 | J81: 1 | K81: 0 | L81: 8 JP | M81: 1050 | N81: RUA | O81: JARDIM RESIDENCIAL DAS PALMEIRAS | P81: 13502130 | Q81: 1 | R81: 1 | S81: 1 | T81: 0 | U81: 0 | V81: 0 | W81: 0 | X81: 0 | Y81: 1 | Z81: 0 | AA81: 0 | AB81: 0 | AC81: 1 | AD81: 0 | AE81: 0 | AF81: 0 | AG81: 0 | AH81: 1 | AI81: 0 | AJ81: 0 | AK81: 0 | AL81: 0 | AM81: 139 | AN81: 139 | AO81: 0 | AP81: 0 | AQ81: 0 | AR81: 0 | AS81: 1 | AT81: 89 | AU81: 50 | AV81: 2 | AW81: 86 | AX81: 7 | AY81: 44 | AZ81: 0 | BA81: 0 | BB81: 139 | BC81: 0 | BD81: 0 | BE81: 0 | BF81: 0 | BG81: 0 | BH81: Municipal | BI81: Urbana | BJ81: Não | BK81: Ativa | BL81: Pequena | BM81: Rede pública | BN81: Rede pública | BO81: Rede pública | BP81: Serviço de coleta
A82: Sudeste | B82: São Paulo | C82: SP | D82: 35 | E82: Rio Claro | F82: 3543907 | G82: COMECINHO DE VIDA DIVA CABRAL DE OLIVEIRA PROFA CRECHE | H82: 35236408 | I82: 3 | J82: 1 | K82: 0 | L82: 42 A | M82: 425 | O82: VILA ALEMA | P82: 13506621 | Q82: 1 | R82: 1 | S82: 1 | T82: 0 | U82: 0 | V82: 0 | W82: 0 | X82: 0 | Y82: 1 | Z82: 0 | AA82: 0 | AB82: 0 | AC82: 1 | AD82: 0 | AE82: 0 | AF82: 0 | AG82: 0 | AH82: 1 | AI82: 0 | AJ82: 0 | AK82: 0 | AL82: 0 | AM82: 44 | AN82: 44 | AO82: 0 | AP82: 0 | AQ82: 0 | AR82: 0 | AS82: 1 | AT82: 20 | AU82: 24 | AV82: 0 | AW82: 28 | AX82: 4 | AY82: 11 | AZ82: 1 | BA82: 0 | BB82: 44 | BC82: 0 | BD82: 0 | BE82: 0 | BF82: 0 | BG82: 0 | BH82: Municipal | BI82: Urbana | BJ82: Não | BK82: Ativa | BL82: Microescola | BM82: Rede pública | BN82: Rede pública | BO82: Rede pública | BP82: Serviço de coleta
A83: Sudeste | B83: São Paulo | C83: SP | D83: 35 | E83: Rio Claro | F83: 3543907 | G83: ARLINDO ANSANELLO ESCOLA MUNICIPAL | H83: 35236412 | I83: 3 | J83: 1 | K83: 0 | L83: 11 | M83: 2611 | O83: CENTRO | P83: 13500240 | Q83: 1 | R83: 1 | S83: 1 | T83: 0 | U83: 0 | V83: 0 | W83: 0 | X83: 0 | Y83: 1 | Z83: 0 | AA83: 0 | AB83: 0 | AC83: 1 | AD83: 0 | AE83: 0 | AF83: 0 | AG83: 0 | AH83: 1 | AI83: 0 | AJ83: 0 | AK83: 0 | AL83: 0 | AM83: 113 | AN83: 113 | AO83: 0 | AP83: 0 | AQ83: 0 | AR83: 0 | AS83: 3 | AT83: 52 | AU83: 61 | AV83: 3 | AW83: 79 | AX83: 4 | AY83: 27 | AZ83: 0 | BA83: 0 | BB83: 106 | BC83: 7 | BD83: 0 | BE83: 0 | BF83: 0 | BG83: 0 | BH83: Municipal | BI83: Urbana | BJ83: Não | BK83: Ativa | BL83: Pequena | BM83: Rede pública | BN83: Rede pública | BO83: Rede pública | BP83: Serviço de coleta
A84: Sudeste | B84: São Paulo | C84: SP | D84: 35 | E84: Rio Claro | F84: 3543907 | G84: JOSE DE CAMPOS CHAGAS PROF DR ESCOLA MUNICIPAL | H84: 35236421 | I84: 3 | J84: 1 | K84: 0 | L84: 7 | M84: 1635 | O84: ZONA CENTRAL | P84: 13500200 | Q84: 1 | R84: 1 | S84: 1 | T84: 0 | U84: 0 | V84: 0 | W84: 0 | X84: 0 | Y84: 1 | Z84: 0 | AA84: 0 | AB84: 0 | AC84: 1 | AD84: 0 | AE84: 0 | AF84: 0 | AG84: 0 | AH84: 1 | AI84: 0 | AJ84: 0 | AK84: 0 | AL84: 0 | AM84: 101 | AN84: 101 | AO84: 0 | AP84: 0 | AQ84: 0 | AR84: 0 | AS84: 3 | AT84: 45 | AU84: 56 | AV84: 5 | AW84: 76 | AX84: 4 | AY84: 16 | AZ84: 0 | BA84: 0 | BB84: 99 | BC84: 2 | BD84: 0 | BE84: 0 | BF84: 0 | BG84: 0 | BH84: Municipal | BI84: Urbana | BJ84: Não | BK84: Ativa | BL84: Pequena | BM84: Rede pública | BN84: Rede pública | BO84: Rede pública | BP84: Serviço de coleta
A85: Sudeste | B85: São Paulo | C85: SP | D85: 35 | E85: Rio Claro | F85: 3543907 | G85: LUIZ MARTINS RODRIGUES FILHO PROF ESCOLA MUNICIPAL | H85: 35246037 | I85: 3 | J85: 1 | K85: 0 | L85: 13 JW | M85: 140 | N85: AVENIDA | O85: NOVO JARDIM WENZEL | P85: 13503710 | Q85: 1 | R85: 1 | S85: 1 | T85: 0 | U85: 0 | V85: 0 | W85: 0 | X85: 0 | Y85: 1 | Z85: 0 | AA85: 0 | AB85: 0 | AC85: 1 | AD85: 0 | AE85: 0 | AF85: 0 | AG85: 0 | AH85: 1 | AI85: 0 | AJ85: 0 | AK85: 0 | AL85: 0 | AM85: 511 | AN85: 257 | AO85: 254 | AP85: 0 | AQ85: 0 | AR85: 0 | AS85: 9 | AT85: 271 | AU85: 240 | AV85: 30 | AW85: 278 | AX85: 22 | AY85: 181 | AZ85: 0 | BA85: 0 | BB85: 54 | BC85: 191 | BD85: 255 | BE85: 11 | BF85: 0 | BG85: 0 | BH85: Municipal | BI85: Urbana | BJ85: Não | BK85: Ativa | BL85: Grande | BM85: Rede pública | BN85: Rede pública | BO85: Rede pública | BP85: Serviço de coleta
A86: Sudeste | B86: São Paulo | C86: SP | D86: 35 | E86: Rio Claro | F86: 3543907 | G86: ARMANDO GRISI PROF ESCOLA MUNICIPAL | H86: 35246049 | I86: 3 | J86: 1 | K86: 0 | L86: 56 | M86: 2540 | N86: RUA 22 A 26 | O86: JARDIM PAULISTA II | P86: 13504420 | Q86: 1 | R86: 1 | S86: 1 | T86: 0 | U86: 0 | V86: 0 | W86: 0 | X86: 0 | Y86: 1 | Z86: 0 | AA86: 0 | AB86: 0 | AC86: 1 | AD86: 0 | AE86: 0 | AF86: 0 | AG86: 0 | AH86: 1 | AI86: 0 | AJ86: 0 | AK86: 0 | AL86: 0 | AM86: 507 | AN86: 0 | AO86: 424 | AP86: 0 | AQ86: 0 | AR86: 83 | AS86: 23 | AT86: 244 | AU86: 263 | AV86: 151 | AW86: 206 | AX86: 10 | AY86: 139 | AZ86: 1 | BA86: 0 | BB86: 0 | BC86: 0 | BD86: 402 | BE86: 21 | BF86: 19 | BG86: 65 | BH86: Municipal | BI86: Urbana | BJ86: Não | BK86: Ativa | BL86: Grande | BM86: Rede pública | BN86: Rede pública | BO86: Rede pública | BP86: Serviço de coleta
A87: Sudeste | B87: São Paulo | C87: SP | D87: 35 | E87: Rio Claro | F87: 3543907 | G87: RIO CLARO CONSERVATORIO MUSICAL | H87: 35253753 | I87: 4 | J87: 1 | L87: 07 | M87: 1687 | N87: RUA | O87: STA CRUZ | P87: 13500200 | Q87: 2 | BH87: Privada | BI87: Urbana | BK87: Inativa | BL87: Não informado | BM87: Não informado | BN87: Não informado | BO87: Não informado | BP87: Não informado
A88: Sudeste | B88: São Paulo | C88: SP | D88: 35 | E88: Rio Claro | F88: 3543907 | G88: RENASCER COLEGIO TECNICO | H88: 35260605 | I88: 4 | J88: 1 | K88: 0 | L88: 8 | M88: 519 | N88: AVENIDA | O88: CENTRO | P88: 13500440 | Q88: 1 | R88: 1 | S88: 1 | T88: 0 | U88: 0 | V88: 0 | W88: 0 | X88: 0 | Y88: 1 | Z88: 0 | AA88: 0 | AB88: 0 | AC88: 1 | AD88: 0 | AE88: 0 | AF88: 0 | AG88: 0 | AH88: 1 | AI88: 0 | AJ88: 0 | AK88: 0 | AL88: 0 | AM88: 141 | AN88: 0 | AO88: 0 | AP88: 0 | AQ88: 141 | AR88: 0 | AS88: 0 | AT88: 126 | AU88: 15 | AV88: 47 | AW88: 71 | AX88: 3 | AY88: 19 | AZ88: 0 | BA88: 1 | BB88: 0 | BC88: 0 | BD88: 0 | BE88: 0 | BF88: 0 | BG88: 141 | BH88: Privada | BI88: Urbana | BJ88: Não | BK88: Ativa | BL88: Pequena | BM88: Rede pública | BN88: Rede pública | BO88: Rede pública | BP88: Serviço de coleta
A89: Sudeste | B89: São Paulo | C89: SP | D89: 35 | E89: Rio Claro | F89: 3543907 | G89: EDUQ COMPLEXO EDUCACIONAL | H89: 35263072 | I89: 4 | J89: 1 | K89: 0 | L89: 1 A | M89: 568 | N89: RUA | O89: VILA APARECIDA | P89: 13500511 | Q89: 1 | R89: 1 | S89: 1 | T89: 0 | U89: 0 | V89: 0 | W89: 0 | X89: 0 | Y89: 1 | Z89: 0 | AA89: 0 | AB89: 0 | AC89: 1 | AD89: 0 | AE89: 0 | AF89: 0 | AG89: 0 | AH89: 1 | AI89: 0 | AJ89: 0 | AK89: 0 | AL89: 0 | AM89: 912 | AN89: 68 | AO89: 611 | AP89: 233 | AQ89: 144 | AR89: 0 | AS89: 17 | AT89: 444 | AU89: 468 | AV89: 91 | AW89: 761 | AX89: 10 | AY89: 48 | AZ89: 1 | BA89: 1 | BB89: 20 | BC89: 42 | BD89: 258 | BE89: 340 | BF89: 237 | BG89: 15 | BH89: Privada | BI89: Urbana | BJ89: Não | BK89: Ativa | BL89: Grande | BM89: Rede pública | BN89: Rede pública | BO89: Rede pública | BP89: Serviço de coleta
A90: Sudeste | B90: São Paulo | C90: SP | D90: 35 | E90: Rio Claro | F90: 3543907 | G90: MICROCAMP ESCOLA DE EDUCACAO PROFISSIONAL | H90: 35263084 | I90: 4 | J90: 1 | L90: RUA 1 | O90: CENTRO | P90: 13500141 | Q90: 2 | BH90: Privada | BI90: Urbana | BK90: Inativa | BL90: Não informado | BM90: Não informado | BN90: Não informado | BO90: Não informado | BP90: Não informado
A91: Sudeste | B91: São Paulo | C91: SP | D91: 35 | E91: Rio Claro | F91: 3543907 | G91: ANTONIO SEBASTIAO DA SILVA PROF ESCOLA MUNICIPAL | H91: 35267284 | I91: 3 | J91: 1 | K91: 0 | L91: M 17 | M91: 721 | N91: RUA | O91: PARQUE DAS INDUSTRIAS | P91: 13505373 | Q91: 1 | R91: 1 | S91: 1 | T91: 0 | U91: 0 | V91: 0 | W91: 0 | X91: 0 | Y91: 1 | Z91: 0 | AA91: 0 | AB91: 0 | AC91: 1 | AD91: 0 | AE91: 0 | AF91: 0 | AG91: 0 | AH91: 1 | AI91: 0 | AJ91: 0 | AK91: 0 | AL91: 0 | AM91: 616 | AN91: 0 | AO91: 616 | AP91: 0 | AQ91: 0 | AR91: 0 | AS91: 26 | AT91: 313 | AU91: 303 | AV91: 91 | AW91: 335 | AX91: 24 | AY91: 166 | AZ91: 0 | BA91: 0 | BB91: 0 | BC91: 0 | BD91: 579 | BE91: 37 | BF91: 0 | BG91: 0 | BH91: Municipal | BI91: Urbana | BJ91: Não | BK91: Ativa | BL91: Grande | BM91: Rede pública | BN91: Rede pública | BO91: Rede pública | BP91: Serviço de coleta
A92: Sudeste | B92: São Paulo | C92: SP | D92: 35 | E92: Rio Claro | F92: 3543907 | G92: DIVA MARQUES GOUVEA PROFA ESCOLA MUNICIPAL | H92: 35267296 | I92: 3 | J92: 1 | K92: 0 | L92: SAUDADE | M92: 399 | N92: AVENIDA | O92: CONSOLACAO | P92: 13500300 | Q92: 1 | R92: 1 | S92: 1 | T92: 0 | U92: 0 | V92: 0 | W92: 0 | X92: 0 | Y92: 1 | Z92: 0 | AA92: 0 | AB92: 0 | AC92: 1 | AD92: 0 | AE92: 0 | AF92: 0 | AG92: 0 | AH92: 1 | AI92: 0 | AJ92: 0 | AK92: 0 | AL92: 0 | AM92: 194 | AN92: 0 | AO92: 194 | AP92: 0 | AQ92: 0 | AR92: 0 | AS92: 13 | AT92: 83 | AU92: 111 | AV92: 12 | AW92: 139 | AX92: 2 | AY92: 41 | AZ92: 0 | BA92: 0 | BB92: 0 | BC92: 0 | BD92: 188 | BE92: 6 | BF92: 0 | BG92: 0 | BH92: Municipal | BI92: Urbana | BJ92: Não | BK92: Ativa | BL92: Pequena | BM92: Rede pública | BN92: Rede pública | BO92: Rede pública | BP92: Serviço de coleta
A93: Sudeste | B93: São Paulo | C93: SP | D93: 35 | E93: Rio Claro | F93: 3543907 | G93: DJILIAH CAMARGO DE SOUZA PROFA ESCOLA MUNICIPAL | H93: 35267302 | I93: 3 | J93: 1 | K93: 0 | L93: 4 A | M93: 1098 | O93: VILA ALEMA | P93: 13506567 | Q93: 1 | R93: 1 | S93: 1 | T93: 0 | U93: 0 | V93: 0 | W93: 0 | X93: 0 | Y93: 1 | Z93: 0 | AA93: 0 | AB93: 0 | AC93: 1 | AD93: 0 | AE93: 0 | AF93: 0 | AG93: 0 | AH93: 1 | AI93: 0 | AJ93: 0 | AK93: 0 | AL93: 0 | AM93: 410 | AN93: 0 | AO93: 410 | AP93: 0 | AQ93: 0 | AR93: 0 | AS93: 12 | AT93: 205 | AU93: 205 | AV93: 22 | AW93: 326 | AX93: 9 | AY93: 52 | AZ93: 1 | BA93: 0 | BB93: 0 | BC93: 1 | BD93: 394 | BE93: 15 | BF93: 0 | BG93: 0 | BH93: Municipal | BI93: Urbana | BJ93: Não | BK93: Ativa | BL93: Média | BM93: Rede pública | BN93: Rede pública | BO93: Rede pública | BP93: Serviço de coleta
A94: Sudeste | B94: São Paulo | C94: SP | D94: 35 | E94: Rio Claro | F94: 3543907 | G94: HAMILTON PRADO DEPUTADO FEDERAL ESCOLA MUNICIPAL | H94: 35267314 | I94: 3 | J94: 1 | K94: 0 | L94: 14 | M94: 3896 | N94: RUA | O94: VILA OLINDA | P94: 13504164 | Q94: 1 | R94: 1 | S94: 1 | T94: 0 | U94: 0 | V94: 0 | W94: 0 | X94: 0 | Y94: 1 | Z94: 0 | AA94: 0 | AB94: 0 | AC94: 1 | AD94: 0 | AE94: 0 | AF94: 0 | AG94: 0 | AH94: 1 | AI94: 0 | AJ94: 0 | AK94: 0 | AL94: 0 | AM94: 551 | AN94: 0 | AO94: 551 | AP94: 0 | AQ94: 0 | AR94: 0 | AS94: 21 | AT94: 282 | AU94: 269 | AV94: 139 | AW94: 286 | AX94: 17 | AY94: 107 | AZ94: 2 | BA94: 0 | BB94: 0 | BC94: 0 | BD94: 527 | BE94: 24 | BF94: 0 | BG94: 0 | BH94: Municipal | BI94: Urbana | BJ94: Não | BK94: Ativa | BL94: Grande | BM94: Rede pública | BN94: Rede pública | BO94: Rede pública | BP94: Serviço de coleta
A95: Sudeste | B95: São Paulo | C95: SP | D95: 35 | E95: Rio Claro | F95: 3543907 | G95: MARCELLO SCHMIDT ESCOLA MUNICIPAL | H95: 35267326 | I95: 3 | J95: 1 | K95: 0 | L95: 25 | M95: 148 | O95: SAUDE | P95: 13501110 | Q95: 1 | R95: 1 | S95: 1 | T95: 0 | U95: 0 | V95: 0 | W95: 0 | X95: 0 | Y95: 1 | Z95: 0 | AA95: 0 | AB95: 0 | AC95: 1 | AD95: 0 | AE95: 0 | AF95: 0 | AG95: 0 | AH95: 1 | AI95: 0 | AJ95: 0 | AK95: 0 | AL95: 0 | AM95: 298 | AN95: 0 | AO95: 204 | AP95: 0 | AQ95: 0 | AR95: 94 | AS95: 66 | AT95: 143 | AU95: 155 | AV95: 49 | AW95: 194 | AX95: 11 | AY95: 44 | AZ95: 0 | BA95: 0 | BB95: 0 | BC95: 0 | BD95: 183 | BE95: 18 | BF95: 30 | BG95: 67 | BH95: Municipal | BI95: Urbana | BJ95: Não | BK95: Ativa | BL95: Média | BM95: Rede pública | BN95: Rede pública | BO95: Rede pública | BP95: Serviço de coleta
A96: Sudeste | B96: São Paulo | C96: SP | D96: 35 | E96: Rio Claro | F96: 3543907 | G96: MONSENHOR MARTINS ESCOLA MUNICIPAL | H96: 35267338 | I96: 3 | J96: 1 | K96: 0 | L96: 36 | M96: 717 | N96: AVENIDA | O96: VILA OPERARIA | P96: 13504120 | Q96: 1 | R96: 1 | S96: 1 | T96: 0 | U96: 0 | V96: 0 | W96: 0 | X96: 0 | Y96: 1 | Z96: 0 | AA96: 0 | AB96: 0 | AC96: 1 | AD96: 0 | AE96: 0 | AF96: 0 | AG96: 0 | AH96: 1 | AI96: 0 | AJ96: 0 | AK96: 0 | AL96: 0 | AM96: 595 | AN96: 0 | AO96: 595 | AP96: 0 | AQ96: 0 | AR96: 0 | AS96: 29 | AT96: 286 | AU96: 309 | AV96: 60 | AW96: 468 | AX96: 9 | AY96: 57 | AZ96: 1 | BA96: 0 | BB96: 0 | BC96: 0 | BD96: 565 | BE96: 30 | BF96: 0 | BG96: 0 | BH96: Municipal | BI96: Urbana | BJ96: Não | BK96: Ativa | BL96: Grande | BM96: Rede pública | BN96: Rede pública | BO96: Rede pública | BP96: Serviço de coleta
A97: Sudeste | B97: São Paulo | C97: SP | D97: 35 | E97: Rio Claro | F97: 3543907 | G97: SYLVIO DE ARAUJO PROF ESCOLA MUNICIPAL | H97: 35267348 | I97: 3 | J97: 1 | K97: 0 | L97: 9 A | M97: 2486 | N97: RUA | O97: VILA SAO MIGUEL | P97: 13506495 | Q97: 1 | R97: 1 | S97: 1 | T97: 0 | U97: 0 | V97: 0 | W97: 0 | X97: 0 | Y97: 1 | Z97: 0 | AA97: 0 | AB97: 0 | AC97: 1 | AD97: 0 | AE97: 0 | AF97: 0 | AG97: 0 | AH97: 1 | AI97: 0 | AJ97: 0 | AK97: 0 | AL97: 0 | AM97: 450 | AN97: 0 | AO97: 402 | AP97: 0 | AQ97: 0 | AR97: 48 | AS97: 18 | AT97: 221 | AU97: 229 | AV97: 66 | AW97: 260 | AX97: 13 | AY97: 110 | AZ97: 0 | BA97: 1 | BB97: 0 | BC97: 0 | BD97: 380 | BE97: 22 | BF97: 13 | BG97: 35 | BH97: Municipal | BI97: Urbana | BJ97: Não | BK97: Ativa | BL97: Média | BM97: Rede pública | BN97: Rede pública | BO97: Rede pública | BP97: Serviço de coleta
A98: Sudeste | B98: São Paulo | C98: SP | D98: 35 | E98: Rio Claro | F98: 3543907 | G98: DENNIZARD FRANCA MACHADO PROFESSOR ESCOLA MUNICIPAL | H98: 35267351 | I98: 3 | J98: 1 | K98: 0 | L98: 2 | M98: 196 | N98: AVENIDA | O98: BATOVI | P98: 13504763 | Q98: 1 | R98: 1 | S98: 1 | T98: 0 | U98: 0 | V98: 0 | W98: 0 | X98: 0 | Y98: 1 | Z98: 0 | AA98: 0 | AB98: 0 | AC98: 1 | AD98: 0 | AE98: 0 | AF98: 0 | AG98: 0 | AH98: 1 | AI98: 0 | AJ98: 0 | AK98: 0 | AL98: 0 | AM98: 156 | AN98: 48 | AO98: 108 | AP98: 0 | AQ98: 0 | AR98: 0 | AS98: 4 | AT98: 82 | AU98: 74 | AV98: 30 | AW98: 92 | AX98: 4 | AY98: 30 | AZ98: 0 | BA98: 0 | BB98: 12 | BC98: 33 | BD98: 105 | BE98: 6 | BF98: 0 | BG98: 0 | BH98: Municipal | BI98: Urbana | BJ98: Não | BK98: Ativa | BL98: Pequena | BM98: Rede pública | BN98: Rede pública | BO98: Rede pública | BP98: Serviço de coleta
A99: Sudeste | B99: São Paulo | C99: SP | D99: 35 | E99: Rio Claro | F99: 3543907 | G99: CENTRO DE RESSOCIALIZACAO MASC DE RIO CLARO CLS PROV | H99: 35269207 | I99: 2 | J99: 1 | K99: 0 | L99: 30 NR | M99: 200 | N99: RUA | O99: JARDIM NOVA RIO CLARO | P99: 13502340 | Q99: 1 | R99: 1 | S99: 1 | T99: 0 | U99: 0 | V99: 0 | W99: 0 | X99: 0 | Y99: 1 | Z99: 0 | AA99: 0 | AB99: 0 | AC99: 1 | AD99: 0 | AE99: 0 | AF99: 0 | AG99: 0 | AH99: 1 | AI99: 0 | AJ99: 0 | AK99: 0 | AL99: 0 | AM99: 160 | AN99: 0 | AO99: 0 | AP99: 0 | AQ99: 0 | AR99: 160 | AS99: 3 | AT99: 0 | AU99: 160 | AV99: 29 | AW99: 56 | AX99: 8 | AY99: 67 | AZ99: 0 | BA99: 0 | BB99: 0 | BC99: 0 | BD99: 0 | BE99: 0 | BF99: 0 | BG99: 160 | BH99: Estadual | BI99: Urbana | BJ99: Não | BK99: Ativa | BL99: Pequena | BM99: Rede pública | BN99: Rede pública | BO99: Rede pública | BP99: Serviço de coleta
A100: Sudeste | B100: São Paulo | C100: SP | D100: 35 | E100: Rio Claro | F100: 3543907 | G100: SEBASTIAO AMBROZIO PROF ESCOLA MUNICIPAL | H100: 35282182 | I100: 3 | J100: 1 | K100: 0 | L100: 2 | M100: 428 | N100: AVENIDA | O100: JARDIM NOVO I | P100: 13502768 | Q100: 1 | R100: 1 | S100: 1 | T100: 0 | U100: 0 | V100: 0 | W100: 0 | X100: 0 | Y100: 1 | Z100: 0 | AA100: 0 | AB100: 0 | AC100: 1 | AD100: 0 | AE100: 0 | AF100: 0 | AG100: 0 | AH100: 1 | AI100: 0 | AJ100: 0 | AK100: 0 | AL100: 0 | AM100: 117 | AN100: 117 | AO100: 0 | AP100: 0 | AQ100: 0 | AR100: 0 | AS100: 1 | AT100: 59 | AU100: 58 | AV100: 1 | AW100: 79 | AX100: 7 | AY100: 30 | AZ100: 0 | BA100: 0 | BB100: 117 | BC100: 0 | BD100: 0 | BE100: 0 | BF100: 0 | BG100: 0 | BH100: Municipal | BI100: Urbana | BJ100: Não | BK100: Ativa | BL100: Pequena | BM100: Rede pública | BN100: Rede pública | BO100: Rede pública | BP100: Serviço de coleta
A101: Sudeste | B101: São Paulo | C101: SP | D101: 35 | E101: Rio Claro | F101: 3543907 | G101: NEPHTALI VIEIRA JUNIOR PASTOR ESCOLA MUNICIPAL | H101: 35283812 | I101: 3 | J101: 1 | K101: 0 | L101: RUA 6 | M101: 3461 | O101: SANTANA | P101: 13504099 | Q101: 1 | R101: 1 | S101: 1 | T101: 0 | U101: 0 | V101: 0 | W101: 0 | X101: 0 | Y101: 1 | Z101: 0 | AA101: 0 | AB101: 0 | AC101: 1 | AD101: 0 | AE101: 0 | AF101: 0 | AG101: 0 | AH101: 1 | AI101: 0 | AJ101: 0 | AK101: 0 | AL101: 0 | AM101: 126 | AN101: 126 | AO101: 0 | AP101: 0 | AQ101: 0 | AR101: 0 | AS101: 6 | AT101: 56 | AU101: 70 | AV101: 1 | AW101: 102 | AX101: 5 | AY101: 18 | AZ101: 0 | BA101: 0 | BB101: 63 | BC101: 56 | BD101: 7 | BE101: 0 | BF101: 0 | BG101: 0 | BH101: Municipal | BI101: Urbana | BJ101: Não | BK101: Ativa | BL101: Pequena | BM101: Rede pública | BN101: Rede pública | BO101: Rede pública | BP101: Serviço de coleta
A102: Sudeste | B102: São Paulo | C102: SP | D102: 35 | E102: Rio Claro | F102: 3543907 | G102: SUELI MARIA PRONI CERRI PROFESSORA ESCOLA MUNICIPAL | H102: 35285961 | I102: 3 | J102: 1 | K102: 0 | L102: 54 A | M102: 523 | N102: AVENIDA | O102: VILA CRISTINA | P102: 13506052 | Q102: 1 | R102: 1 | S102: 1 | T102: 0 | U102: 0 | V102: 0 | W102: 0 | X102: 0 | Y102: 1 | Z102: 0 | AA102: 0 | AB102: 0 | AC102: 1 | AD102: 0 | AE102: 0 | AF102: 0 | AG102: 0 | AH102: 1 | AI102: 0 | AJ102: 0 | AK102: 0 | AL102: 0 | AM102: 190 | AN102: 190 | AO102: 0 | AP102: 0 | AQ102: 0 | AR102: 0 | AS102: 11 | AT102: 93 | AU102: 97 | AV102: 10 | AW102: 118 | AX102: 10 | AY102: 49 | AZ102: 3 | BA102: 0 | BB102: 42 | BC102: 137 | BD102: 11 | BE102: 0 | BF102: 0 | BG102: 0 | BH102: Municipal | BI102: Urbana | BJ102: Não | BK102: Ativa | BL102: Pequena | BM102: Rede pública | BN102: Rede pública | BO102: Rede pública | BP102: Serviço de coleta
A103: Sudeste | B103: São Paulo | C103: SP | D103: 35 | E103: Rio Claro | F103: 3543907 | G103: SUELI APARECIDA MARIN PROFESSORA ESCOLA MUNICIPAL | H103: 35285973 | I103: 3 | J103: 1 | K103: 0 | L103: M 31 | M103: 2288 | N103: AVENIDA | O103: JARDIM SAO JOAO | P103: 13505420 | Q103: 1 | R103: 1 | S103: 1 | T103: 0 | U103: 0 | V103: 0 | W103: 0 | X103: 0 | Y103: 1 | Z103: 0 | AA103: 0 | AB103: 0 | AC103: 1 | AD103: 0 | AE103: 0 | AF103: 0 | AG103: 0 | AH103: 1 | AI103: 0 | AJ103: 0 | AK103: 0 | AL103: 0 | AM103: 215 | AN103: 0 | AO103: 215 | AP103: 0 | AQ103: 0 | AR103: 0 | AS103: 10 | AT103: 112 | AU103: 103 | AV103: 14 | AW103: 91 | AX103: 17 | AY103: 91 | AZ103: 2 | BA103: 0 | BB103: 0 | BC103: 0 | BD103: 204 | BE103: 11 | BF103: 0 | BG103: 0 | BH103: Municipal | BI103: Urbana | BJ103: Não | BK103: Ativa | BL103: Média | BM103: Rede pública | BN103: Rede pública | BO103: Rede pública | BP103: Serviço de coleta
A104: Sudeste | B104: São Paulo | C104: SP | D104: 35 | E104: Rio Claro | F104: 3543907 | G104: SAMIRA ASSENCIO SAVOLDI PROFESSORA ESCOLA MUNICIPAL | H104: 35285985 | I104: 3 | J104: 1 | K104: 0 | L104: 40 SE | M104: 140 | N104: AVENIDA | O104: JARDIM RESIDENCIAL SANTA ELIZA | P104: 13504616 | Q104: 1 | R104: 1 | S104: 1 | T104: 0 | U104: 0 | V104: 0 | W104: 0 | X104: 0 | Y104: 1 | Z104: 0 | AA104: 0 | AB104: 0 | AC104: 1 | AD104: 0 | AE104: 0 | AF104: 0 | AG104: 0 | AH104: 1 | AI104: 0 | AJ104: 0 | AK104: 0 | AL104: 0 | AM104: 151 | AN104: 151 | AO104: 0 | AP104: 0 | AQ104: 0 | AR104: 0 | AS104: 8 | AT104: 68 | AU104: 83 | AV104: 8 | AW104: 74 | AX104: 3 | AY104: 62 | AZ104: 4 | BA104: 0 | BB104: 55 | BC104: 87 | BD104: 9 | BE104: 0 | BF104: 0 | BG104: 0 | BH104: Municipal | BI104: Urbana | BJ104: Não | BK104: Ativa | BL104: Pequena | BM104: Rede pública | BN104: Rede pública | BO104: Rede pública | BP104: Serviço de coleta
...

Sheet Infraestrutura
A1: ="Indicadores de infraestrutura — "&Filtro_Municipio!B3&" ("&Filtro_Municipio!B2&")" -> Indicadores de infraestrutura — Rio Claro (SP)
A3: Água | D3: Energia | G3: Esgoto | J3: Lixo
A4: Categoria | B4: Escolas | D4: Categoria | E4: Escolas | G4: Categoria | H4: Escolas | J4: Categoria | K4: Escolas
A5: Rede pública | B5: =COUNTIF(DadosTratados!$BM:$BM,A5) -> 122 | D5: Rede pública | E5: =COUNTIF(DadosTratados!$BN:$BN,D5) -> 122 | G5: Rede pública | H5: =COUNTIF(DadosTratados!$BO:$BO,G5) -> 120 | J5: Serviço de coleta | K5: =COUNTIF(DadosTratados!$BP:$BP,J5) -> 121
A6: Poço artesiano | B6: =COUNTIF(DadosTratados!$BM:$BM,A6) -> 0 | D6: Gerador fóssil | E6: =COUNTIF(DadosTratados!$BN:$BN,D6) -> 0 | G6: Fossa séptica | H6: =COUNTIF(DadosTratados!$BO:$BO,G6) -> 2 | J6: Queima | K6: =COUNTIF(DadosTratados!$BP:$BP,J6) -> 0
A7: Cacimba | B7: =COUNTIF(DadosTratados!$BM:$BM,A7) -> 0 | D7: Renovável | E7: =COUNTIF(DadosTratados!$BN:$BN,D7) -> 0 | G7: Fossa comum | H7: =COUNTIF(DadosTratados!$BO:$BO,G7) -> 0 | J7: Enterra | K7: =COUNTIF(DadosTratados!$BP:$BP,J7) -> 0
A8: Fonte/Rio | B8: =COUNTIF(DadosTratados!$BM:$BM,A8) -> 0 | D8: Inexistente | E8: =COUNTIF(DadosTratados!$BN:$BN,D8) -> 0 | G8: Fossa rudimentar | H8: =COUNTIF(DadosTratados!$BO:$BO,G8) -> 0 | J8: Destino final público | K8: =COUNTIF(DadosTratados!$BP:$BP,J8) -> 0
A9: Inexistente | B9: =COUNTIF(DadosTratados!$BM:$BM,A9) -> 0 | D9: Não informado | E9: =COUNTIF(DadosTratados!$BN:$BN,D9) -> 21 | G9: Inexistente | H9: =COUNTIF(DadosTratados!$BO:$BO,G9) -> 0 | J9: Descarte em outra área | K9: =COUNTIF(DadosTratados!$BP:$BP,J9) -> 1
A10: Carro-pipa | B10: =COUNTIF(DadosTratados!$BM:$BM,A10) -> 0 | G10: Não informado | H10: =COUNTIF(DadosTratados!$BO:$BO,G10) -> 21 | J10: Não informado | K10: =COUNTIF(DadosTratados!$BP:$BP,J10) -> 21
A11: Não informado | B11: =COUNTIF(DadosTratados!$BM:$BM,A11) -> 21
